PropertyUrl,ID,Street,HouseNumber,Box,Floor,City,PostalCode,Region,District,Province,PropertyType,PropertySubType,Price,SaleType,ConstructionYear,BedroomCount,LivingArea,KitchenType,Furnished,Fireplace,Terrace,TerraceArea,Garden,GardenArea,Facades,SwimmingPool,Condition,EPCScore,Latitude,Longitude
,11156811,Rue Jean Volders,260,,,Oupeye,4683,WALLONIE,Liège,Liège,HOUSE,HOUSE,210000,residential_sale,1970,3,78,NOT_INSTALLED,False,False,True,12,True,399,3,False,TO_RENOVATE,G,50.7028377,5.6386937
,11146581,Rue des Ecoles,47,,,Berloz,4257,WALLONIE,Waremme,Liège,HOUSE,HOUSE,174000,residential_sale,1930,2,140,NOT_INSTALLED,False,False,True,5,True,787,4,False,TO_RENOVATE,F,50.7022562,5.2172585
,11156621,Achterstraat,228,,,Deinze,9800,FLANDERS,Gent,East Flanders,HOUSE,VILLA,695000,residential_sale,1980,3,385,USA_HYPER_EQUIPPED,False,False,True,124,True,1811,4,True,GOOD,E,50.9856681,3.5649778
,11146621,Rue de la Boverie,535,,,Seraing,4100,WALLONIE,Liège,Liège,HOUSE,HOUSE,189000,residential_sale,1918,2,110,INSTALLED,False,False,True,46,True,260,2,False,GOOD,D,50.5951096,5.5045422
,11150049,Rue Horace - Horatiusstraat,10,,,Anderlecht,1070,BRUSSELS,Brussels,Brussels,HOUSE,HOUSE,415000,residential_sale,1926,3,107,USA_HYPER_EQUIPPED,,True,True,70,True,250,3,False,JUST_RENOVATED,D,50.8443371,4.2896647
,11147395,Leopoldstraat,63, 5V,,ANTWERPEN,2000,FLANDERS,Antwerp,Antwerp,HOUSE,MIXED_USE_BUILDING,167000,residential_sale,1967,1,38,SEMI_EQUIPPED,,False,True,3,,100,2,,JUST_RENOVATED,C,51.2133243,4.4074277
,11156650,Rue de Waremme,21,,,Berloz,4257,WALLONIE,Waremme,Liège,HOUSE,BUNGALOW,380000,residential_sale,1969,4,160,,False,False,True,,True,2430,4,False,GOOD,F,50.6946022,5.2176614
,11151131,ANJELIERENLAAN,10,,,Steenokkerzeel,1820,FLANDERS,Halle-Vilvoorde,Flemish Brabant,HOUSE,HOUSE,475000,residential_sale,1989,3,161,INSTALLED,,True,True,,True,721,4,,GOOD,C,50.9227337,4.5015582
,11155545,Maalse Steenweg,482,,,Sint-Kruis,8310,FLANDERS,Brugge,West Flanders,HOUSE,VILLA,995000,residential_sale,1978,5,367,HYPER_EQUIPPED,,False,,,True,1455,4,,GOOD,B,51.2074689,3.2836426
,11154117,Avenue du Directoire,73,,,Uccle,1180,BRUSSELS,Brussels,Brussels,HOUSE,HOUSE,670000,residential_sale,1979,4,275,INSTALLED,,False,True,18,True,284,2,False,TO_BE_DONE_UP,D,50.7865832,4.3617109
,11155234,Rue du roi,1,,,Rixensart,1330,WALLONIE,Nivelles,Walloon Brabant,HOUSE,HOUSE,360000,residential_sale,1860,3,225,SEMI_EQUIPPED,False,False,True,12,True,479,3,False,TO_BE_DONE_UP,D,50.7051261,4.5073804
,11156812,Avenue de l'Agriculture,117,,,Liège,4030,WALLONIE,Liège,Liège,HOUSE,HOUSE,234000,residential_sale,1961,2,130,SEMI_EQUIPPED,False,False,True,38,True,236,3,False,GOOD,D,50.6296431,5.6101569
,11156524,Nijverheidsstraat,95,,,Erpe-Mere,9420,FLANDERS,Aalst,East Flanders,HOUSE,HOUSE,395000,residential_sale,2007,4,217,HYPER_EQUIPPED,,False,True,,,238,2,False,AS_NEW,B,50.919114,3.9646584
,11156837,Rue Emile Vandervelde,361,,,Beyne-Heusay Bellaire,4610,WALLONIE,Liège,Liège,HOUSE,HOUSE,289900,residential_sale,1933,3,140,INSTALLED,False,False,True,22,True,185,4,False,GOOD,G,50.6426168,5.6669736
,11150716,Vergoeienveld,3,,,Overijse,3090,FLANDERS,Halle-Vilvoorde,Flemish Brabant,HOUSE,VILLA,849000,residential_sale,1990,4,334,USA_INSTALLED,,True,True,35,True,875,4,False,AS_NEW,C,50.7637055,4.5363566
,11156775,Place de l'Eglise,3,,,Sainte-Ode,6680,WALLONIE,Bastogne,Luxembourg,HOUSE,MIXED_USE_BUILDING,579000,residential_sale,1900,9,884,HYPER_EQUIPPED,False,False,True,,True,5200,3,False,GOOD,G,50.0531252,5.5107372
,11141759,Rue michel botte,76,,,Braine-l'Alleud,1420,WALLONIE,Nivelles,Walloon Brabant,HOUSE,HOUSE,349000,residential_sale,1900,3,135,USA_INSTALLED,False,False,True,,True,216,2,False,JUST_RENOVATED,C,50.6684911,4.3514306
,11151111,Franz Merjaystraat,206,,,Uccle,1180,BRUSSELS,Brussels,Brussels,HOUSE,MANSION,1000000,residential_sale,1927,6,325,INSTALLED,False,False,True,50,True,155,2,False,TO_BE_DONE_UP,E,50.8141822,4.3517147
,11140830,Achilles Musschestraat,47,,,Gent,9000,FLANDERS,Gent,East Flanders,HOUSE,VILLA,735000,residential_sale,1933,4,272,INSTALLED,False,False,True,,,430,3,False,TO_BE_DONE_UP,D,51.0328091,3.7193036
,11141224,Rue sur les Thiers,113,R2,,Herstal,4040,WALLONIE,Liège,Liège,HOUSE,HOUSE,299000,residential_sale,1931,4,145,USA_INSTALLED,False,False,True,66,True,275,2,True,AS_NEW,A,50.6694204,5.6122958
,11147509,Rue des Trois Soeurs,27, A,,Amay,4540,WALLONIE,Huy,Liège,HOUSE,HOUSE,375000,residential_sale,1994,3,215,INSTALLED,,True,True,30,True,2634,4,,GOOD,F,50.5587718,5.3096595
,11120444,Impasse des Oiseaux,28,,,Charleroi,6020,WALLONIE,Charleroi,Hainaut,HOUSE,HOUSE,99000,residential_sale,1875,3,123,SEMI_EQUIPPED,False,False,True,15,,238,3,False,TO_RENOVATE,E,50.4189679,4.4323831
,11144033,Brugsesteenweg,252,,,Gent,9000,FLANDERS,Gent,East Flanders,HOUSE,HOUSE,289000,residential_sale,1932,3,154,USA_SEMI_EQUIPPED,False,False,,,True,55,2,False,TO_BE_DONE_UP,D,51.0664781,3.6886469
,11144455,Rue Collée,7,,,Angleur,4031,WALLONIE,Liège,Liège,HOUSE,HOUSE,139000,residential_sale,1918,3,89,NOT_INSTALLED,,True,True,11,,63,2,False,GOOD,C,50.6108414,5.6014507
,11143726,Louise-Mariestraat,32,,,Maarkedal,9680,FLANDERS,Oudenaarde,East Flanders,HOUSE,VILLA,575000,residential_sale,1999,4,238,INSTALLED,False,False,True,40,True,1588,4,False,GOOD,D,50.7704121,3.6464851
,11143713,Rue Lombièry,7,,,Burdinne,4210,WALLONIE,Huy,Liège,HOUSE,COUNTRY_COTTAGE,450000,residential_sale,1900,3,175,INSTALLED,False,False,True,32,True,1901,4,False,AS_NEW,D,50.5803945,5.0730423
,11143936,Korte Dolagestraat,40,,,WIJGMAAL,3018,FLANDERS,Leuven,Flemish Brabant,HOUSE,HOUSE,438000,residential_sale,1970,4,169,INSTALLED,,False,True,,True,180,3,,GOOD,E,50.9260178,4.6979659
,11143714,Rue Fond de Vaux,3,,,Villers-le-Bouillet,4530,WALLONIE,Huy,Liège,HOUSE,COUNTRY_COTTAGE,180000,residential_sale,1850,3,175,SEMI_EQUIPPED,False,False,,,,1200,4,False,TO_RENOVATE,F,50.6101159,5.2197889
,11153143,Avenue Xavier Henrard,35,,,Woluwe-Saint-Pierre,1150,BRUSSELS,Brussels,Brussels,HOUSE,HOUSE,1895000,residential_sale,1950,6,290,HYPER_EQUIPPED,False,False,True,,True,700,4,True,GOOD,E,50.8275519,4.4212435
,11154648,Generaal van Merlenstraat,19,,,Antwerp,2600,FLANDERS,Antwerp,Antwerp,HOUSE,HOUSE,770000,residential_sale,1926,5,384,USA_INSTALLED,,False,True,20,,118,2,,TO_BE_DONE_UP,C,51.2028058,4.4309811
,11155302,Rijksweg,186,,,Wielsbeke,8710,FLANDERS,Tielt,West Flanders,HOUSE,VILLA,420000,residential_sale,1997,3,200,SEMI_EQUIPPED,,True,True,,,950,4,,GOOD,C,50.9101878,3.3823837
,11154876,Heembeekstraat,23,,,Vilvoorde,1800,FLANDERS,Halle-Vilvoorde,Flemish Brabant,HOUSE,HOUSE,590000,residential_sale,1971,4,260,USA_HYPER_EQUIPPED,False,False,True,30,True,370,3,,GOOD,C,50.9016958,4.3694477
,11154869,Rue du Dolberg,1,,,MESSANCY,6780,WALLONIE,Arlon,Luxembourg,HOUSE,HOUSE,200000,residential_sale,1850,2,94,SEMI_EQUIPPED,,False,True,15,,386,3,,TO_BE_DONE_UP,F,49.5921897,5.8207357
,10994408,Rue De Flandre - Vlaamsesteenweg,27,,,Bruxelles,1000,BRUSSELS,Brussels,Brussels,HOUSE,MIXED_USE_BUILDING,497000,residential_sale,1890,3,134,USA_INSTALLED,,False,,,,43,2,False,AS_NEW,F,50.8512405,4.346897
,11146418,Rue du Cortil,7,,,Braives,4260,WALLONIE,Waremme,Liège,HOUSE,EXCEPTIONAL_PROPERTY,780000,residential_sale,2014,6,360,HYPER_EQUIPPED,False,False,True,,True,2686,4,True,AS_NEW,B,50.617223,5.1601283
,11155459,Rue de Stalle,178,,,Uccle,1180,BRUSSELS,Brussels,Brussels,HOUSE,MIXED_USE_BUILDING,1000000,residential_sale,1952,4,470,USA_HYPER_EQUIPPED,False,False,,,,504,2,False,AS_NEW,E,50.7960701,4.3266107
,11154831,Située à proximité du Bois de Hal à BLA,.,,,Braine-le-Chateau,1440,WALLONIE,Nivelles,Walloon Brabant,HOUSE,VILLA,945000,residential_sale,1969,5,240,HYPER_EQUIPPED,False,True,True,,,6863,4,True,GOOD,E,50.6966021,4.3199053
,11154758,A proximité du Bois de Hal,.,,,Braine-l'Alleud,1420,WALLONIE,Nivelles,Walloon Brabant,HOUSE,VILLA,945000,residential_sale,1969,5,240,HYPER_EQUIPPED,False,True,True,100,,6863,4,True,GOOD,E,50.6966021,4.3199053
,11147947,Chaussée de Waterloo,417,,,Ixelles,1050,BRUSSELS,Brussels,Brussels,HOUSE,EXCEPTIONAL_PROPERTY,999000,residential_sale,1830,3,434,USA_INSTALLED,False,False,True,15,True,190,2,False,GOOD,G,50.8215527,4.3560377
,11154838,Située à proximité du Bois de Hal à BLA,.,,,Waterloo,1410,WALLONIE,Nivelles,Walloon Brabant,HOUSE,VILLA,945000,residential_sale,1969,5,240,HYPER_EQUIPPED,False,True,True,,,6863,4,True,GOOD,E,50.7121952,4.2694723
,11153346,Voetbalstraat,105,,,Gentbrugge,9050,FLANDERS,Gent,East Flanders,HOUSE,HOUSE,530000,residential_sale,1998,3,161,USA_HYPER_EQUIPPED,False,False,True,35,True,500,4,False,GOOD,A,51.0311445,3.7699417
,11146658,Chaussée de Waterloo,417,,,Ixelles,1050,BRUSSELS,Brussels,Brussels,HOUSE,MIXED_USE_BUILDING,999000,residential_sale,1830,3,434,USA_INSTALLED,False,False,True,15,True,190,2,False,GOOD,G,50.8215527,4.3560377
,11147360,Chaussée de Bruxelles,18,,,Wemmel,1780,FLANDERS,Halle-Vilvoorde,Flemish Brabant,HOUSE,APARTMENT_BLOCK,725000,residential_sale,1980,3,190,INSTALLED,False,False,True,5,,200,2,False,GOOD,B,50.9072031,4.3068515
,11146239,Rue des Deux Ponts,10,,,Ixelles,1050,BRUSSELS,Brussels,Brussels,HOUSE,HOUSE,395000,residential_sale,1910,3,100,HYPER_EQUIPPED,False,False,,,,48,2,False,GOOD,D,50.8321838,4.3780254
,11148058,Zwaanhoek,"7, A",,,Oudenburg,8460,FLANDERS,Oostend,West Flanders,HOUSE,HOUSE,633000,residential_sale,2005,4,254,INSTALLED,,True,True,,,448,4,,GOOD,C,51.189377,2.99764
,11135545,Steenweg Op Aalst,127,,,Zottegem,9620,FLANDERS,Aalst,East Flanders,HOUSE,VILLA,645000,residential_sale,1976,4,272,INSTALLED,False,False,True,26,True,2627,4,,GOOD,E,50.8978177,3.8333949
,11115195,Rue de Huy,8,,,Hannut,4280,WALLONIE,Waremme,Liège,HOUSE,MANSION,550000,residential_sale,1919,5,433,,False,False,True,,True,1413,2,False,GOOD,C,50.6674889,5.0861767
,11115192,Rue de Huy,8,,,Hannut,4280,WALLONIE,Waremme,Liège,HOUSE,MANSION,400000,residential_sale,1919,4,343,,False,False,True,,True,1413,2,False,GOOD,C,50.6674889,5.0861767
,11146779,Rue de la Violette,8,,,Graide,5555,WALLONIE,Dinant,Namur,HOUSE,HOUSE,159000,residential_sale,1970,3,143,NOT_INSTALLED,,True,,,,120,3,,GOOD,C,49.9504826,5.0644021
,11135548,Rotterij,282,,,Ronse,9600,FLANDERS,Oudenaarde,East Flanders,HOUSE,VILLA,259000,residential_sale,1959,3,165,SEMI_EQUIPPED,False,False,True,30,True,674,3,False,TO_RENOVATE,E,50.7419271,3.633878
,11156424,du Village,29,,,Welkenraedt Henri-Chapelle,4841,WALLONIE,Verviers,Liège,HOUSE,HOUSE,890000,residential_sale,1856,5,547,INSTALLED,,False,True,,,1685,4,False,TO_BE_DONE_UP,C,50.669138,5.9271962
,11149725,Edouard Lacomblélaan,24,,,Woluwe-Saint-Pierre,1150,BRUSSELS,Brussels,Brussels,HOUSE,APARTMENT_BLOCK,1399000,residential_sale,1956,8,550,INSTALLED,False,False,True,28,True,469,3,False,GOOD,F,50.8318278,4.4095438
,11149707,Edouard Lacomblélaan,24,,,Etterbeek,1040,BRUSSELS,Brussels,Brussels,HOUSE,APARTMENT_BLOCK,1399000,residential_sale,1956,8,550,INSTALLED,False,False,True,28,True,469,3,False,GOOD,F,50.8318278,4.4095438
,11149134,Avenue Nouvelle,33,,,Etterbeek,1040,BRUSSELS,Brussels,Brussels,HOUSE,APARTMENT_BLOCK,1190000,residential_sale,1909,5,400,INSTALLED,False,False,True,10,True,210,2,False,TO_BE_DONE_UP,G,50.8293698,4.3813154
,11139442,Rue des Roses,1,,,SELANGE,6781,WALLONIE,Arlon,Luxembourg,HOUSE,HOUSE,420000,residential_sale,1966,5,200,INSTALLED,,False,True,29,,1019,4,False,GOOD,G,49.6081571,5.8503305
,11149726,Franz Merjaystraat,206,,,Uccle,1180,BRUSSELS,Brussels,Brussels,HOUSE,APARTMENT_BLOCK,1000000,residential_sale,1927,6,325,INSTALLED,False,False,True,50,True,155,2,False,TO_BE_DONE_UP,E,50.8141822,4.3517147
,11149131,Avenue Van Volxem,397,,,Forest,1190,BRUSSELS,Brussels,Brussels,HOUSE,MIXED_USE_BUILDING,690000,residential_sale,1904,4,700,USA_HYPER_EQUIPPED,False,False,True,90,,271,2,False,TO_RENOVATE,G,50.8261334,4.3270263
,11144467,Rue des Grands Prés,262,,,CHÊNÉE,4032,WALLONIE,Liège,Liège,HOUSE,HOUSE,85000,residential_sale,1960,3,140,NOT_INSTALLED,,False,True,13,True,149,,False,TO_RENOVATE,C,50.6049244,5.6235864
,11154075,Place La Vaux,6,,,Xhoris,4190,WALLONIE,Huy,Liège,HOUSE,HOUSE,238000,residential_sale,1875,3,161,SEMI_EQUIPPED,False,False,True,,,237,3,False,TO_BE_DONE_UP,D,50.4441209,5.6020715
,11149928,Brandstraat,75,,,Sint-Martens-Latem,9830,FLANDERS,Gent,East Flanders,HOUSE,HOUSE,595000,residential_sale,1961,2,124,USA_HYPER_EQUIPPED,False,False,,,True,386,3,False,JUST_RENOVATED,B,51.0056338,3.6236227
,11140491,Ter Tommenstraat,3,,,Edegem,2650,FLANDERS,Antwerp,Antwerp,HOUSE,HOUSE,1545000,residential_sale,1970,4,360,HYPER_EQUIPPED,,True,,,True,703,4,,JUST_RENOVATED,B,51.1639134,4.426546
,11154508,Quartier St-John's,.,,,Waterloo,1410,WALLONIE,Nivelles,Walloon Brabant,HOUSE,VILLA,1750000,residential_sale,2008,4,575,HYPER_EQUIPPED,False,True,True,38,True,2495,4,,AS_NEW,B,50.7047021,4.4150871
,11140957,Kanakkendries,29A,,,Brakel,9660,FLANDERS,Oudenaarde,East Flanders,HOUSE,HOUSE,349000,residential_sale,1986,3,135,INSTALLED,False,False,True,,True,1198,4,True,GOOD,C,50.8050313,3.7181691
,11142084,Montebellostraat,2, 207,,ANTWERPEN,2018,FLANDERS,Antwerp,Antwerp,HOUSE,MIXED_USE_BUILDING,187000,residential_sale,1970,1,42,INSTALLED,,False,True,7,,869,2,,AS_NEW,B,51.2081873,4.4082537
,11140956,Stationsstraat,40,,,Ronse,9600,FLANDERS,Oudenaarde,East Flanders,HOUSE,MIXED_USE_BUILDING,265000,residential_sale,1930,2,234,HYPER_EQUIPPED,False,False,True,27,,133,2,False,AS_NEW,C,50.7431167,3.601514
,11133752,Bloemestraat,46,E,,Maldegem,9990,FLANDERS,Eeklo,East Flanders,HOUSE,VILLA,624000,residential_sale,1996,2,310,USA_HYPER_EQUIPPED,False,False,True,,,4153,4,False,GOOD,C,51.2138877,3.4544269
,11140920,Zonder-Naamstraat,28 - 30,,,Gent,9000,FLANDERS,Gent,East Flanders,HOUSE,HOUSE,550000,residential_sale,1850,7,340,USA_HYPER_EQUIPPED,False,False,True,21,,151,2,False,GOOD,B,51.0575744,3.7353456
,11140919,Klakvijverstraat,86,,,Geraardsbergen Grimminge,9506,FLANDERS,Aalst,East Flanders,HOUSE,VILLA,699000,residential_sale,1958,5,256,INSTALLED,False,False,True,45,True,3828,4,False,AS_NEW,E,50.7917936,3.9343295
,11134745,Hanenbosweg,59,,,Beersel,1653,FLANDERS,Halle-Vilvoorde,Flemish Brabant,HOUSE,TOWN_HOUSE,499000,residential_sale,1979,3,160,HYPER_EQUIPPED,False,False,True,25,True,1382,2,False,GOOD,F,50.736537,4.2881229
,11140536,André Waucquezlaan,35,,,Dilbeek,1700,FLANDERS,Halle-Vilvoorde,Flemish Brabant,HOUSE,VILLA,449000,residential_sale,1962,4,130,NOT_INSTALLED,False,False,True,15,True,433,4,False,TO_RENOVATE,F,50.8482104,4.2803659
,11142295,Rue théodore bekaert,25,,,Anderlecht,1070,BRUSSELS,Brussels,Brussels,HOUSE,HOUSE,389000,residential_sale,1940,6,235,SEMI_EQUIPPED,False,False,,,True,80,2,False,TO_RENOVATE,G,50.8297509,4.3057016
,11134252,Molendal,13,,,Dilbeek,1700,FLANDERS,Halle-Vilvoorde,Flemish Brabant,HOUSE,VILLA,469000,residential_sale,1971,2,198,HYPER_EQUIPPED,,False,True,6,True,571,4,False,JUST_RENOVATED,D,50.8437415,4.2522284
,11134170,Rue Joseph Wettinck,54,,,Seraing,4101,WALLONIE,Liège,Liège,HOUSE,MIXED_USE_BUILDING,209900,residential_sale,1850,3,200,NOT_INSTALLED,False,False,,,,510,2,False,JUST_RENOVATED,G,50.6151437,5.5014799
,11134158,Rue de Tongres,99,,,Oupeye,4684,WALLONIE,Liège,Liège,HOUSE,BUNGALOW,199000,residential_sale,1990,2,81,INSTALLED,True,False,True,19,True,333,3,False,TO_BE_DONE_UP,G,50.7399799,5.6666422
,11156901,Rue Octave Lotin,81,,,Chastre,1450,WALLONIE,Nivelles,Walloon Brabant,HOUSE,HOUSE,450000,residential_sale,1954,4,219,USA_SEMI_EQUIPPED,False,False,True,100,True,1330,3,False,GOOD,B,50.5804201,4.641935
,11134157,Millerweg,26,,,Tongeren,3700,FLANDERS,Tongeren,Limburg,HOUSE,HOUSE,169000,residential_sale,1930,4,165,INSTALLED,False,False,True,19,True,442,3,False,GOOD,F,50.7664209,5.5333642
,10825023,Rue de la Petite-Cornée,18,,,Bertrix,6880,WALLONIE,Neufchâteau,Luxembourg,HOUSE,HOUSE,229900,residential_sale,1850,5,181,INSTALLED,False,False,,,True,222,3,False,GOOD,D,49.8616344,5.2523001
,11151756,Située à Soignies,.,,,Braine-le-Comte,7090,WALLONIE,Soignies,Hainaut,HOUSE,VILLA,695000,residential_sale,1768,8,890,HYPER_EQUIPPED,False,True,True,,True,3143,4,,GOOD,C,50.576408,4.0708753
,11156771,Avenue des Combattants,168,,,Genappe Bousval,1470,WALLONIE,Nivelles,Walloon Brabant,HOUSE,HOUSE,395000,residential_sale,2014,4,194,,False,False,True,46,True,306,3,False,AS_NEW,B,50.6182024,4.5156891
,11151904,Sint-Rochusstraat,221 - GLV,,,DEURNE,2100,FLANDERS,Antwerp,Antwerp,HOUSE,MIXED_USE_BUILDING,800000,residential_sale,1935,3,223,INSTALLED,,False,,,True,722,2,,JUST_RENOVATED,B,51.2041606,4.4639305
,11144209,Place alphonse favresse,47,,,La Hulpe,1310,WALLONIE,Nivelles,Walloon Brabant,HOUSE,HOUSE,645000,residential_sale,1920,5,343,SEMI_EQUIPPED,,False,True,,,321,2,False,GOOD,E,50.7377106,4.4958504
,11149361,Rue Hainchamps,72,,,Seraing,4100,WALLONIE,Liège,Liège,HOUSE,HOUSE,179000,residential_sale,1918,3,95,INSTALLED,False,False,True,10,True,80,2,False,GOOD,C,50.6010798,5.5079399
,11143776,Avenue des Pagodes,386,,,Laeken,1020,BRUSSELS,Brussels,Brussels,HOUSE,HOUSE,750000,residential_sale,1939,6,360,INSTALLED,False,False,True,20,True,350,2,False,AS_NEW,F,50.8956376,4.361002
,11138017,Plaatsstraat,2,,,Galmaarden,1570,FLANDERS,Halle-Vilvoorde,Flemish Brabant,HOUSE,HOUSE,199000,residential_sale,1950,3,308,HYPER_EQUIPPED,,False,,,,600,4,,TO_RENOVATE,F,50.7416777,4.0052618
,11143821,Rue de Nivelles,61,,,Rixensart,1330,WALLONIE,Nivelles,Walloon Brabant,HOUSE,HOUSE,595000,residential_sale,1973,4,209,USA_SEMI_EQUIPPED,False,False,True,10,,1160,4,False,TO_BE_DONE_UP,F,50.7022329,4.5134398
,11151732,Située à Soignies,.,,,Soignies,7060,WALLONIE,Soignies,Hainaut,HOUSE,HOUSE,695000,residential_sale,1768,8,890,HYPER_EQUIPPED,False,True,True,,True,3143,4,,GOOD,C,50.5777389,4.0573135
,11135086,Hanenbosweg,59,,,Beersel,1653,FLANDERS,Halle-Vilvoorde,Flemish Brabant,HOUSE,TOWN_HOUSE,379000,residential_sale,1979,3,160,HYPER_EQUIPPED,False,False,True,35,True,650,2,False,GOOD,F,50.736537,4.2881229
,11024429,Rue de Bouillon,16,,,Paliseul,6850,WALLONIE,Neufchâteau,Luxembourg,HOUSE,HOUSE,269000,residential_sale,1938,3,170,INSTALLED,,True,True,,True,879,4,,GOOD,E,49.8949076,5.116873
,11150854,Chaussée de Ramioul,223,,,FLÉMALLE,4400,WALLONIE,Liège,Liège,HOUSE,HOUSE,205000,residential_sale,1956,2,136,SEMI_EQUIPPED,,True,True,30,,140,3,,GOOD,F,50.5830107,5.4242052
,11150855,Chaussée de Ramioul,223,,,FLÉMALLE,4400,WALLONIE,Liège,Liège,HOUSE,APARTMENT_BLOCK,205000,residential_sale,1956,2,136,SEMI_EQUIPPED,,True,True,30,,140,3,,GOOD,F,50.5830107,5.4242052
,11149661,Venelle de l'Alchimiste,14,,,Bruxelles,1120,BRUSSELS,Brussels,Brussels,HOUSE,HOUSE,690000,residential_sale,2002,6,240,,False,False,True,50,True,356,3,False,GOOD,D,50.8978603,4.3947661
,11149566,Avenue des Croix du Feu,203,,,Laeken,1020,BRUSSELS,Brussels,Brussels,HOUSE,APARTMENT_BLOCK,795000,residential_sale,1937,6,300,INSTALLED,False,False,True,15,True,185,2,False,GOOD,D,50.8931962,4.3644508
,11149315,Avenue des Edelweiss,4,,,Anderlecht,1070,BRUSSELS,Brussels,Brussels,HOUSE,HOUSE,445000,residential_sale,1970,3,143,HYPER_EQUIPPED,False,False,True,,True,186,2,False,AS_NEW,E,50.8166167,4.2842514
,11145309,Kaardijk,96,,,Ruisbroek,2870,FLANDERS,Mechelen,Antwerp,HOUSE,HOUSE,394000,residential_sale,1992,2,184,HYPER_EQUIPPED,,True,True,25,True,300,3,,GOOD,E,51.0843302,4.3360215
,11139697,Clos du Drossart,25,,,Uccle,1180,BRUSSELS,Brussels,Brussels,HOUSE,HOUSE,850000,residential_sale,1974,5,330,USA_HYPER_EQUIPPED,False,False,True,20,True,247,2,False,AS_NEW,D,50.7934845,4.3547596
,11137925,Onderstraat,39,,,Gavere,9890,FLANDERS,Gent,East Flanders,HOUSE,HOUSE,510000,residential_sale,1973,3,430,USA_HYPER_EQUIPPED,False,False,True,50,True,309,2,False,TO_BE_DONE_UP,C,50.9304044,3.6601089
,11152288,Vloerstraat,67,,,HERENT,3020,FLANDERS,Leuven,Flemish Brabant,HOUSE,HOUSE,425000,residential_sale,1974,5,250,INSTALLED,,False,True,30,True,1580,3,,GOOD,C,50.9163143,4.6794646
,11152762,Emiel Lossystraat,59,,,SINT-AMANDSBERG,9040,FLANDERS,Gent,East Flanders,HOUSE,HOUSE,295000,residential_sale,1936,3,127,INSTALLED,,False,True,15,,201,2,,TO_BE_DONE_UP,D,51.0492977,3.7599721
,11137923,Braambezielaan,10,,,Gent Wondelgem,9032,FLANDERS,Gent,East Flanders,HOUSE,HOUSE,418000,residential_sale,1986,3,143,USA_HYPER_EQUIPPED,False,False,True,25,True,261,2,False,AS_NEW,D,51.0800218,3.7027816
,11080049,Chaussée de Mons,747,,,Anderlecht,1070,BRUSSELS,Brussels,Brussels,HOUSE,HOUSE,380000,residential_sale,1918,5,147,INSTALLED,False,False,True,10,,91,2,False,TO_BE_DONE_UP,F,50.8299256,4.3071012
,11132404,Rue de Sart,76,,,COURT-SAINT-ETIENNE,1490,WALLONIE,Nivelles,Walloon Brabant,HOUSE,HOUSE,595000,residential_sale,1980,4,200,INSTALLED,False,True,True,70,True,1333,4,,JUST_RENOVATED,D,50.6244586,4.5627382
,11131307,Olmenstraat,76,,,Zaventem,1930,FLANDERS,Halle-Vilvoorde,Flemish Brabant,HOUSE,HOUSE,349000,residential_sale,1952,4,147,HYPER_EQUIPPED,False,False,True,20,True,179,2,False,JUST_RENOVATED,C,50.8920373,4.4652467
,11139236,Lindanusstraat,39,,,Dendermonde,9200,FLANDERS,Dendermonde,East Flanders,HOUSE,MANSION,449000,residential_sale,1919,5,301,,,True,,,True,215,2,,TO_BE_DONE_UP,E,51.0284841,4.1032699
,11131905,Koning Boudewijnlaan,77,,,Dendermonde,9200,FLANDERS,Dendermonde,East Flanders,HOUSE,HOUSE,324900,residential_sale,1964,2,128,INSTALLED,,True,True,45,True,317,2,,GOOD,B,51.0351704,4.0856204
,11130919,Bredestraat,247,,,Ronse,9600,FLANDERS,Oudenaarde,East Flanders,HOUSE,HOUSE,265000,residential_sale,1946,3,169,INSTALLED,False,False,True,27,,100,2,False,AS_NEW,C,50.7477588,3.6156619
,11156127,De Vroente,46,,,Brasschaat,2930,FLANDERS,Antwerp,Antwerp,HOUSE,HOUSE,379000,residential_sale,1938,2,215,INSTALLED,,True,True,,True,361,2,,TO_BE_DONE_UP,F,51.29504,4.4482871
,11153359,Rue de Rocourt,119,,,Liège,4000,WALLONIE,Liège,Liège,HOUSE,HOUSE,290000,residential_sale,1956,3,132,USA_HYPER_EQUIPPED,,False,True,24,True,224,2,False,GOOD,D,50.6597739,5.564159
,11132583,Avenue de la Vecquée,48,,,Neupré,4121,WALLONIE,Liège,Liège,HOUSE,HOUSE,259000,residential_sale,1964,3,167,INSTALLED,False,False,True,20,True,601,3,False,GOOD,E,50.5485154,5.4885732
,11130920,Aatstraat,84,,,Ronse,9600,FLANDERS,Oudenaarde,East Flanders,HOUSE,HOUSE,249000,residential_sale,1953,3,156,INSTALLED,False,False,,,True,555,3,False,TO_BE_DONE_UP,F,50.7403801,3.6094447
,11114313,Schouwingstraat,22,,,Gent,9032,FLANDERS,Gent,East Flanders,HOUSE,HOUSE,395000,residential_sale,,3,155,INSTALLED,,False,,,True,89,3,False,JUST_RENOVATED,B,51.1002709,3.7119213
,11153109,Frans Vanfraechemlaan,9,,,Tervuren,3080,FLANDERS,Leuven,Flemish Brabant,HOUSE,VILLA,825000,residential_sale,1975,6,295,INSTALLED,False,False,True,,,1362,4,False,GOOD,C,50.8393085,4.5408751
,11153604,Rue de Jupille,27,,,Beyne-Heusay,4610,WALLONIE,Liège,Liège,HOUSE,HOUSE,159000,residential_sale,1918,2,70,INSTALLED,False,False,True,9,,90,2,False,GOOD,E,50.623819,5.6522808
,11154145,Molenstraat,15,,,Outrijve,8582,FLANDERS,Kortrijk,West Flanders,HOUSE,HOUSE,269500,residential_sale,1969,3,140,INSTALLED,,True,True,,,188,3,,GOOD,C,50.7586842,3.427886
,11135101,Rue du Chêne,203,,,Seraing,4100,WALLONIE,Liège,Liège,HOUSE,MIXED_USE_BUILDING,329000,residential_sale,1900,5,110,NOT_INSTALLED,False,False,True,45,True,1640,2,False,TO_RENOVATE,E,50.6013668,5.5164525
,11146420,Rotterij,284,,,Ronse,9600,FLANDERS,Oudenaarde,East Flanders,HOUSE,VILLA,249000,residential_sale,1959,3,167,SEMI_EQUIPPED,False,False,True,20,True,653,3,False,TO_RENOVATE,F,50.741744,3.63402
,11155388,Reigerput,13,,,Waregem,8790,FLANDERS,Kortrijk,West Flanders,HOUSE,VILLA,445000,residential_sale,1985,3,145,INSTALLED,,False,,,True,534,,,AS_NEW,C,50.865792,3.3489764
,11146097,Steenweg naar Oudegem,101,,,Gijzegem,9308,FLANDERS,Aalst,East Flanders,HOUSE,HOUSE,369000,residential_sale,1930,3,217,INSTALLED,False,False,True,,,2322,3,False,TO_BE_DONE_UP,F,50.98266,4.0496187
,11143179,Spoorwegstraat,28,,,SCHELLEBELLE,9260,FLANDERS,Dendermonde,East Flanders,HOUSE,EXCEPTIONAL_PROPERTY,305000,residential_sale,1923,3,182,SEMI_EQUIPPED,,True,True,25,True,825,4,False,TO_RENOVATE,F,51.0031042,3.9275062
,11155386,Reigerput,13,,,Deerlijk,8540,FLANDERS,Kortrijk,West Flanders,HOUSE,VILLA,445000,residential_sale,1985,3,145,INSTALLED,,False,,,True,534,,,AS_NEW,C,50.865792,3.3489764
,11150313,Val au Bois,38,,,Kraainem,1950,FLANDERS,Halle-Vilvoorde,Flemish Brabant,HOUSE,VILLA,1025000,residential_sale,1978,4,225,HYPER_EQUIPPED,False,False,True,40,True,1554,4,,GOOD,C,50.8288926,4.4785422
,10949380,Rue Saint Aubin,70,,,Malmedy,4960,WALLONIE,Verviers,Liège,HOUSE,VILLA,495000,residential_sale,2012,3,243,INSTALLED,False,False,True,,,2208,4,False,GOOD,B,50.396538,6.0043612
,11108163,Steenweg naar Oudegem,101,,,Gijzegem,9308,FLANDERS,Aalst,East Flanders,HOUSE,HOUSE,369000,residential_sale,1930,3,217,INSTALLED,False,False,True,,,2322,3,False,TO_BE_DONE_UP,F,50.98266,4.0496187
,11140955,Opgeëistenstraat,91,,,Ronse,9600,FLANDERS,Oudenaarde,East Flanders,HOUSE,HOUSE,109000,residential_sale,1925,3,137,SEMI_EQUIPPED,False,False,,,True,110,2,False,TO_RENOVATE,F,50.7528328,3.5917846
,11155492,Adegemstraat,38,,,Mechelen,2800,FLANDERS,Mechelen,Antwerp,HOUSE,HOUSE,299000,residential_sale,1919,7,300,SEMI_EQUIPPED,,False,,,,111,,,TO_RENOVATE,E,51.0259311,4.4753163
,11136541,Chaussee d'Alsemberg,92,,,Braine-l'Alleud,1420,WALLONIE,Nivelles,Walloon Brabant,HOUSE,APARTMENT_BLOCK,420000,residential_sale,1930,3,195,SEMI_EQUIPPED,False,False,True,6,True,290,2,False,GOOD,D,50.6872132,4.369077
,11125957,David Teniersstraat,6,,,Ronse,9600,FLANDERS,Oudenaarde,East Flanders,HOUSE,HOUSE,119000,residential_sale,1930,3,126,SEMI_EQUIPPED,False,False,True,8,True,230,2,False,TO_RENOVATE,F,50.7410728,3.6009276
,11154498,Avenue Eugène Plasky,165,,,SCHAERBEEK,1030,BRUSSELS,Brussels,Brussels,HOUSE,HOUSE,648000,residential_sale,1939,4,240,INSTALLED,,True,True,20,True,165,,,TO_BE_DONE_UP,F,50.8530034,4.3977122
,11155385,Reigerput,13,,,Beveren-Leie,8791,FLANDERS,Kortrijk,West Flanders,HOUSE,VILLA,445000,residential_sale,1985,3,145,INSTALLED,,False,,,True,534,,,AS_NEW,C,50.865792,3.3489764
,10820901,Rue de Trisogne,15,D,,Ciney,5590,WALLONIE,Dinant,Namur,HOUSE,VILLA,370000,residential_sale,2023,4,191,NOT_INSTALLED,False,False,True,,,736,3,,AS_NEW,A,50.28186,5.1678391
,11154497,Avenue Eugène Plasky,165,,,SCHAERBEEK,1030,BRUSSELS,Brussels,Brussels,HOUSE,APARTMENT_BLOCK,648000,residential_sale,1939,4,240,INSTALLED,,True,True,20,True,165,,,TO_BE_DONE_UP,F,50.8530034,4.3977122
,11136542,Chaussee d'Alsemberg,92,,,Braine-l'Alleud,1420,WALLONIE,Nivelles,Walloon Brabant,HOUSE,HOUSE,420000,residential_sale,1930,3,195,SEMI_EQUIPPED,False,False,True,6,True,290,2,False,GOOD,D,50.6872132,4.369077
,11136937,Heuvelstraat,41,,,MOERBEKE,9500,FLANDERS,Aalst,East Flanders,HOUSE,HOUSE,259000,residential_sale,1950,3,230,SEMI_EQUIPPED,,True,True,,,600,4,,TO_RENOVATE,C,50.7501937,3.9132423
,11136941,Kieverstraat,19,,,Kluisbergen,9690,FLANDERS,Oudenaarde,East Flanders,HOUSE,HOUSE,245000,residential_sale,1962,3,185,SEMI_EQUIPPED,,True,True,,,750,3,,TO_RENOVATE,F,50.7824193,3.5133465
,11135894,Rue Large,182,,,NESSONVAUX,4870,WALLONIE,Liège,Liège,HOUSE,HOUSE,199000,residential_sale,1960,4,153,INSTALLED,,False,True,8,,70,2,False,AS_NEW,D,50.5728287,5.7373514
,11128291,Venelle de Saint-Job,5,,,Uccle,1180,BRUSSELS,Brussels,Brussels,HOUSE,HOUSE,650000,residential_sale,2006,4,174,HYPER_EQUIPPED,,False,True,10,True,110,2,False,AS_NEW,C,50.7938001,4.3646187
,11129774,Avenue des Boignees,22,,,Braine-le-Chateau,1440,WALLONIE,Nivelles,Walloon Brabant,HOUSE,HOUSE,445000,residential_sale,1973,4,161,HYPER_EQUIPPED,False,False,True,68,True,1740,4,False,GOOD,G,50.6779722,4.3002552
,11128275,Wuytslei,2/4,,,Antwerpen Merksem,2170,FLANDERS,Antwerp,Antwerp,HOUSE,MIXED_USE_BUILDING,429900,residential_sale,1919,3,210,INSTALLED,False,False,,,,65,2,False,GOOD,D,51.2437431,4.4433718
,11128936,Chemin du Long Cerisier,14,,,Walhain,1457,WALLONIE,Nivelles,Walloon Brabant,HOUSE,VILLA,399000,residential_sale,2007,3,158,INSTALLED,False,False,True,41,,1921,4,False,TO_BE_DONE_UP,C,50.6137372,4.7148876
,11128213,Kasterstraat,72,,,Wetteren,9230,FLANDERS,Dendermonde,East Flanders,HOUSE,HOUSE,249000,residential_sale,1935,2,90,INSTALLED,False,False,True,,,90,2,False,GOOD,B,51.0114101,3.8848528
,11128403,Elzeelsesteenweg,85,,,Ronse,9600,FLANDERS,Oudenaarde,East Flanders,HOUSE,HOUSE,245000,residential_sale,1925,3,112,INSTALLED,False,False,True,10,True,83,2,False,AS_NEW,B,50.7427944,3.6141025
,11151490,Koning Albertstraat,25,,,Mechelen,2800,FLANDERS,Mechelen,Antwerp,HOUSE,HOUSE,485000,residential_sale,1963,3,163,INSTALLED,,True,,,True,1049,4,,GOOD,D,51.0639988,4.458272
,11152296,WATERLELIESTRAAT,5,,,Bonheiden,2820,FLANDERS,Mechelen,Antwerp,HOUSE,HOUSE,485000,residential_sale,1986,3,183,INSTALLED,,True,True,12,True,1295,4,,GOOD,F,51.0095096,4.5941163
,11128858,Rue du Moulin,257,,,Liège,4020,WALLONIE,Liège,Liège,HOUSE,HOUSE,139000,residential_sale,1930,2,97,SEMI_EQUIPPED,,True,True,22,,81,2,False,TO_BE_DONE_UP,F,50.6432758,5.6043597
,11149362,Rue Rouffa,82,,,Flemalle,4400,WALLONIE,Liège,Liège,HOUSE,HOUSE,139000,residential_sale,,4,130,SEMI_EQUIPPED,False,False,True,10,True,92,2,False,TO_RENOVATE,E,50.5901415,5.4690109
,11144326,Avenue Sainte-Alix,31,,,Sint-Pieters-Woluwe,1150,BRUSSELS,Brussels,Brussels,HOUSE,HOUSE,649000,residential_sale,1955,4,175,INSTALLED,False,False,True,6,True,114,2,False,GOOD,E,50.8284984,4.4603389
,11138005,Rue du Baron Poncelet,8,,,Paliseul,6850,WALLONIE,Neufchâteau,Luxembourg,HOUSE,HOUSE,349000,residential_sale,1800,6,351,USA_SEMI_EQUIPPED,False,False,True,30,,2116,4,False,GOOD,C,49.8876195,5.1757747
,11149500,Diagorasstraat,26,,,Marke,8510,FLANDERS,Kortrijk,West Flanders,HOUSE,VILLA,545000,residential_sale,1978,3,130,INSTALLED,,True,True,,,684,4,,GOOD,C,50.8002588,3.2186788
,11031814,Rue des Ateliers,14,,,HALANZY,6792,WALLONIE,Arlon,Luxembourg,HOUSE,HOUSE,499000,residential_sale,2004,5,200,,,False,,,,834,4,,TO_BE_DONE_UP,C,49.5591517,5.7346036
,11137882,Henriette Chaumatstraat,33,,,Deinze,9800,FLANDERS,Gent,East Flanders,HOUSE,VILLA,399500,residential_sale,2024,3,123,USA_HYPER_EQUIPPED,False,False,True,,,168,3,False,AS_NEW,,50.9818836,3.5742446
,11149072,Rue du Sècheron,21,,,Courcelles,6180,WALLONIE,Charleroi,Hainaut,HOUSE,HOUSE,249000,residential_sale,1960,3,154,INSTALLED,False,False,True,20,True,330,3,False,GOOD,C,50.4600128,4.3682624
,11148841,Ninoofsesteenweg,215,,,Lennik,1750,FLANDERS,Halle-Vilvoorde,Flemish Brabant,HOUSE,BUNGALOW,375000,residential_sale,1985,2,156,INSTALLED,False,False,,,True,699,4,,TO_BE_DONE_UP,F,50.8336474,4.1261843
,11153889,Kloosterstraat,67A,,,Zottegem,9620,FLANDERS,Aalst,East Flanders,HOUSE,HOUSE,555780,residential_sale,2024,3,205,USA_HYPER_EQUIPPED,False,False,True,24,True,366,3,False,AS_NEW,A,50.8511891,3.8196985
,11153887,Kloosterstraat,67A,,,Zottegem,9620,FLANDERS,Aalst,East Flanders,HOUSE,HOUSE,580500,residential_sale,2024,3,228,USA_HYPER_EQUIPPED,False,False,True,22,True,402,3,False,AS_NEW,A,50.8511891,3.8196985
,11153883,Kloosterstraat,67A,,,Zottegem,9620,FLANDERS,Aalst,East Flanders,HOUSE,HOUSE,546400,residential_sale,2024,3,194,USA_HYPER_EQUIPPED,False,False,True,22,True,285,3,False,AS_NEW,A,50.8511891,3.8196985
,11153886,Kloosterstraat,67A,,,Zottegem,9620,FLANDERS,Aalst,East Flanders,HOUSE,HOUSE,485820,residential_sale,2024,4,188,USA_HYPER_EQUIPPED,False,False,True,22,True,299,3,False,AS_NEW,A,50.8511891,3.8196985
,10858077,Rue Colson,54,,,Seraing,4100,WALLONIE,Liège,Liège,HOUSE,HOUSE,89000,residential_sale,1954,1,54,SEMI_EQUIPPED,False,False,True,18,,40,2,False,GOOD,F,50.6022441,5.5126552
,11009333,Rue Grande Commune,4,,,Seraing,4102,WALLONIE,Liège,Liège,HOUSE,HOUSE,109500,residential_sale,1919,2,105,NOT_INSTALLED,False,False,,,,46,2,False,TO_RENOVATE,E,50.5982013,5.5337619
,10968806,Rue Jean Ramey,14,,,Liège,4000,WALLONIE,Liège,Liège,HOUSE,HOUSE,87000,residential_sale,1930,2,86,NOT_INSTALLED,False,False,True,23,,70,2,False,TO_RENOVATE,F,50.6407098,5.5457097
,11151580,Située à Lillois,.,,,Lillois-Witterzée,1428,WALLONIE,Nivelles,Walloon Brabant,HOUSE,VILLA,1995000,residential_sale,1992,6,565,HYPER_EQUIPPED,False,True,True,,True,6444,4,True,AS_NEW,D,50.6449558,4.3648141
,11137880,Henriette Chaumatstraat,15,,,Deinze,9800,FLANDERS,Gent,East Flanders,HOUSE,VILLA,439000,residential_sale,2024,3,132,USA_HYPER_EQUIPPED,False,False,True,,,270,3,False,AS_NEW,,50.9817916,3.5747884
,11151436,Située à Lillois,.,,,Braine-l'Alleud,1420,WALLONIE,Nivelles,Walloon Brabant,HOUSE,VILLA,1995000,residential_sale,1992,6,565,HYPER_EQUIPPED,False,True,True,,True,6444,4,True,AS_NEW,D,50.6455864,4.3617107
,11153841,Kouterhoek,1,,,Nazareth,9810,FLANDERS,Gent,East Flanders,HOUSE,HOUSE,439012,residential_sale,2023,4,169,INSTALLED,False,False,,,,517,3,False,AS_NEW,,50.9562774,3.6345935
,11137881,Henriette Chaumatstraat,17,,,Deinze,9800,FLANDERS,Gent,East Flanders,HOUSE,VILLA,439000,residential_sale,2024,3,132,USA_HYPER_EQUIPPED,False,False,True,,,270,3,False,AS_NEW,,50.9818516,3.5749225
,11153888,Kloosterstraat,67A,,,Zottegem,9620,FLANDERS,Aalst,East Flanders,HOUSE,HOUSE,445200,residential_sale,2024,3,196,USA_HYPER_EQUIPPED,False,False,True,22,True,220,3,False,AS_NEW,A,50.8511891,3.8196985
,11153884,Kloosterstraat,67A,,,Zottegem,9620,FLANDERS,Aalst,East Flanders,HOUSE,HOUSE,471800,residential_sale,2024,3,209,USA_HYPER_EQUIPPED,False,False,True,19,True,241,3,False,AS_NEW,A,50.8511891,3.8196985
,11153890,Kloosterstraat,67A,,,Zottegem,9620,FLANDERS,Aalst,East Flanders,HOUSE,HOUSE,440020,residential_sale,2024,3,187,USA_HYPER_EQUIPPED,False,False,True,19,True,250,3,False,AS_NEW,A,50.8511891,3.8196985
,11153345,Gijzenzelestraat,42 - 48,,,Wetteren,9230,FLANDERS,Dendermonde,East Flanders,HOUSE,HOUSE,376032,residential_sale,2023,3,126,INSTALLED,False,False,True,13,True,142,2,False,AS_NEW,,50.978693,3.8389673
,11153891,Kloosterstraat,67A,,,Zottegem,9620,FLANDERS,Aalst,East Flanders,HOUSE,HOUSE,425680,residential_sale,2024,3,177,USA_HYPER_EQUIPPED,False,False,True,21,True,226,3,False,AS_NEW,A,50.8511891,3.8196985
,11153219,Rue Ann-Sophie Charlier,37,/M42,,Herve,4650,WALLONIE,Verviers,Liège,HOUSE,HOUSE,325000,residential_sale,2023,3,147,,,False,True,20,,696,3,False,AS_NEW,A,50.6359711,5.7924066
,10707752,Rue de l'Aviation,5,,,Seraing,4100,WALLONIE,Liège,Liège,HOUSE,HOUSE,119000,residential_sale,1931,2,60,SEMI_EQUIPPED,False,False,True,,True,123,2,False,GOOD,D,50.5907459,5.5033569
,10459282,Rue de la Baume,191,,,Seraing,4100,WALLONIE,Liège,Liège,HOUSE,HOUSE,179000,residential_sale,1930,3,82,INSTALLED,False,False,True,13,True,128,2,False,JUST_RENOVATED,C,50.6015901,5.5108005
,10833916,Rue des Trois Pierres,35,,,Herstal,4040,WALLONIE,Liège,Liège,HOUSE,HOUSE,164000,residential_sale,1899,4,167,INSTALLED,False,False,True,80,,90,3,False,TO_BE_DONE_UP,E,50.6586095,5.6238621
,11109640,Rue du Val Benoît,58,,,Angleur,4031,WALLONIE,Liège,Liège,HOUSE,HOUSE,185000,residential_sale,1900,3,150,NOT_INSTALLED,False,True,True,8,,115,2,False,TO_RENOVATE,G,50.613431,5.5953632
,11035014,Ruelle des Chats,26,,,Liège,4000,WALLONIE,Liège,Liège,HOUSE,HOUSE,169000,residential_sale,1936,2,97,INSTALLED,False,False,True,5,True,167,2,False,TO_BE_DONE_UP,E,50.654257,5.5555017
,10677619,Rue Emile Verhaeren,10,,,Liege,4031,WALLONIE,Liège,Liège,HOUSE,HOUSE,179000,residential_sale,1918,3,137,INSTALLED,False,False,True,16,True,145,2,False,GOOD,E,50.6145454,5.5881509
,10997600,Rue de Noidans,43,,,Seraing Ougrée,4102,WALLONIE,Liège,Liège,HOUSE,HOUSE,160000,residential_sale,1910,4,110,INSTALLED,False,False,True,,True,185,3,False,GOOD,F,50.6044171,5.5360376
,10993405,Rue des Bas-Sarts,42,,,Seraing,4100,WALLONIE,Liège,Liège,HOUSE,HOUSE,180000,residential_sale,1918,3,100,INSTALLED,False,False,True,20,True,124,2,False,AS_NEW,C,50.5973254,5.4881705
,10906723,Rue Ernest Berthet,9,,,Céroux-Mousty,1341,WALLONIE,Nivelles,Walloon Brabant,HOUSE,HOUSE,180000,residential_sale,1940,3,126,NOT_INSTALLED,,False,,,True,160,2,,TO_RENOVATE,F,50.6602685,4.5654312
,10679324,Rue du Chene,268,,,Seraing,4100,WALLONIE,Liège,Liège,HOUSE,HOUSE,159000,residential_sale,1920,3,87,INSTALLED,False,False,True,64,True,145,2,False,JUST_RENOVATED,F,50.6007164,5.51515
,11030656,Rue Chantelière,3,,,Huy,4500,WALLONIE,Huy,Liège,HOUSE,HOUSE,189000,residential_sale,1850,2,110,INSTALLED,,True,True,22,True,710,3,,AS_NEW,E,50.5080546,5.2422113
,11118577,Rue de Gaillarmont,19,,,Liège,4032,WALLONIE,Liège,Liège,HOUSE,HOUSE,159000,residential_sale,1918,3,177,SEMI_EQUIPPED,False,False,True,29,True,325,2,False,TO_RENOVATE,D,50.6138731,5.6160939
,11016538,Rue Pastor,29,,,Seraing,4100,WALLONIE,Liège,Liège,HOUSE,HOUSE,150000,residential_sale,1875,6,190,SEMI_EQUIPPED,False,False,True,34,True,230,2,False,TO_RENOVATE,E,50.6122856,5.5071282
,11064142,Chemin du Bois du Curé,36,,,Namur,5100,WALLONIE,Namur,Namur,HOUSE,BUNGALOW,149000,residential_sale,1976,3,131,NOT_INSTALLED,False,False,True,60,True,1085,4,False,TO_RENOVATE,G,50.4181954,4.847814
,10909559,Rue Métrin Vinâve,16,,,Oupeye,4680,WALLONIE,Liège,Liège,HOUSE,HOUSE,149000,residential_sale,1850,4,130,INSTALLED,False,False,,,True,350,2,False,GOOD,D,50.7381006,5.610945
,11018580,Rue du Moulin,193,,,Oupeye,4680,WALLONIE,Liège,Liège,HOUSE,HOUSE,149000,residential_sale,1899,3,105,INSTALLED,False,False,True,47,True,492,3,False,TO_RENOVATE,F,50.7286714,5.6545019
,11010633,Rue de la Barge,128,,,Liege,4000,WALLONIE,Liège,Liège,HOUSE,HOUSE,145000,residential_sale,1962,3,105,INSTALLED,False,False,True,12,,110,3,False,GOOD,E,50.6106619,5.5384064
,11082868,Cité Jardin,28,,,Libramont-Chevigny,6800,WALLONIE,Neufchâteau,Luxembourg,HOUSE,HOUSE,140000,residential_sale,1931,3,66,USA_HYPER_EQUIPPED,False,False,True,5,True,525,2,False,TO_RENOVATE,G,49.913756,5.3775828
,11063895,Elzelestraat,130,,,Ronse,9600,FLANDERS,Oudenaarde,East Flanders,HOUSE,HOUSE,139000,residential_sale,1930,3,180,NOT_INSTALLED,False,False,,,True,130,2,False,TO_RENOVATE,F,50.7451299,3.6101343
,10911488,Avenue des Champs,80,,,Seraing,4100,WALLONIE,Liège,Liège,HOUSE,HOUSE,139000,residential_sale,1918,2,105,SEMI_EQUIPPED,False,False,True,,True,105,2,False,GOOD,F,50.5982597,5.5189004
,10689391,Rue Tart,12,,,Seraing,4100,WALLONIE,Liège,Liège,HOUSE,HOUSE,149000,residential_sale,1875,2,110,SEMI_EQUIPPED,False,False,True,13,True,185,2,False,GOOD,G,50.6039791,5.4956622
,10511092,Rue de Trazegnies,40,,,Liege,4000,WALLONIE,Liège,Liège,HOUSE,HOUSE,149000,residential_sale,1933,4,123,NOT_INSTALLED,False,False,True,,,150,3,False,TO_BE_DONE_UP,E,50.6134246,5.5520033
,10475954,Rue du Haut Pre,100,,,Seraing,4100,WALLONIE,Liège,Liège,HOUSE,HOUSE,135000,residential_sale,1919,2,87,SEMI_EQUIPPED,False,False,True,17,True,120,2,False,TO_BE_DONE_UP,E,50.6015984,5.5331517
,10958524,Avenue de la Société Nationale,26,,,Herstal,4040,WALLONIE,Liège,Liège,HOUSE,HOUSE,149000,residential_sale,1930,2,95,INSTALLED,False,False,True,7,True,285,3,False,TO_RENOVATE,G,50.6760055,5.6147869
,10886425,Rue Joseph Hodeige,27,,,Liege,4030,WALLONIE,Liège,Liège,HOUSE,HOUSE,129000,residential_sale,1899,3,122,SEMI_EQUIPPED,False,False,True,64,True,300,3,False,TO_RENOVATE,E,50.6193686,5.606861
,10860840,Zonnestraat,49,,,Ronse,9600,FLANDERS,Oudenaarde,East Flanders,HOUSE,HOUSE,125000,residential_sale,1899,2,145,INSTALLED,False,False,True,10,,88,2,False,TO_BE_DONE_UP,F,50.7497692,3.5928241
,10906236,Jan van Nassaustraat,7,,,Ronse,9600,FLANDERS,Oudenaarde,East Flanders,HOUSE,HOUSE,119000,residential_sale,1880,3,117,SEMI_EQUIPPED,False,False,,,,60,2,,GOOD,D,50.7493899,3.592165
,10459784,Rue de Rotheux,238,,,Seraing,4100,WALLONIE,Liège,Liège,HOUSE,HOUSE,125000,residential_sale,1935,2,61,INSTALLED,False,False,,,,50,2,False,GOOD,F,50.5812796,5.5033522
,11092112,Rue des Peupliers,6,,,Seraing,4101,WALLONIE,Liège,Liège,HOUSE,HOUSE,245000,residential_sale,1949,3,125,HYPER_EQUIPPED,False,False,True,40,True,210,2,False,JUST_RENOVATED,C,50.6219642,5.4861006
,11063896,Aatstraat,40,,,Ronse,9600,FLANDERS,Oudenaarde,East Flanders,HOUSE,HOUSE,245000,residential_sale,1948,4,146,INSTALLED,False,False,True,13,True,250,2,False,GOOD,C,50.741809,3.6076012
,10858078,Rue des Bons Buveurs,66,,,Saint-Nicolas,4420,WALLONIE,Liège,Liège,HOUSE,HOUSE,239000,residential_sale,1899,3,130,INSTALLED,False,False,True,25,True,200,2,False,GOOD,C,50.6388133,5.5338135
,11038616,Kammenstraat,100,,,Essen,2910,FLANDERS,Antwerp,Antwerp,HOUSE,HOUSE,240900,residential_sale,1945,3,114,INSTALLED,False,False,True,,True,330,2,False,TO_RENOVATE,F,51.4680581,4.4553341
,10961466,Rue des Bas-Sarts,135,,,Seraing,4100,WALLONIE,Liège,Liège,HOUSE,HOUSE,249000,residential_sale,1959,4,153,INSTALLED,False,False,True,58,True,281,2,False,TO_BE_DONE_UP,C,50.5961081,5.4910742
,11084726,Rue des Béguines,38,,,Remicourt,4350,WALLONIE,Waremme,Liège,HOUSE,HOUSE,240000,residential_sale,1860,3,150,INSTALLED,False,False,True,,True,480,3,False,GOOD,C,50.6864531,5.3691805
,11094364,Rue Quinettes,44,,,Oupeye,4682,WALLONIE,Liège,Liège,HOUSE,HOUSE,239000,residential_sale,1938,3,166,INSTALLED,False,False,True,35,True,436,4,False,AS_NEW,C,50.7258705,5.6334234
,11094771,Rue des Bons Buveurs,33,,,MONTEGNÉE,4420,WALLONIE,Liège,Liège,HOUSE,HOUSE,239000,residential_sale,1950,6,220,SEMI_EQUIPPED,,True,,,True,250,2,False,TO_RENOVATE,D,50.6391583,5.5352287
,10909558,Rue Bas-Rhieux,37,,,Liege,4000,WALLONIE,Liège,Liège,HOUSE,HOUSE,234000,residential_sale,1918,3,129,INSTALLED,False,False,True,19,True,109,2,False,GOOD,D,50.6484314,5.5572093
,11077458,Rue Batti-du-Foi,82,,,Libin,6890,WALLONIE,Neufchâteau,Luxembourg,HOUSE,HOUSE,229000,residential_sale,1918,3,180,INSTALLED,False,False,True,,True,60,3,False,GOOD,E,49.9490886,5.2207404
,10629774,Rue de Rotheux,242,,,Seraing,4100,WALLONIE,Liège,Liège,HOUSE,HOUSE,249000,residential_sale,1930,3,122,INSTALLED,False,False,True,34,True,267,3,False,GOOD,D,50.5812154,5.5033203
,11063964,Rue du Try,19,,,Court-Saint-Etienne,1490,WALLONIE,Nivelles,Walloon Brabant,HOUSE,HOUSE,225000,residential_sale,1849,3,154,NOT_INSTALLED,False,False,,,True,562,4,False,TO_RENOVATE,G,50.6098214,4.5426936
,10858284,Rue de la marquise,20,,,Halanzy,6792,WALLONIE,Arlon,Luxembourg,HOUSE,HOUSE,220000,residential_sale,1915,4,159,SEMI_EQUIPPED,False,False,True,42,True,360,3,False,TO_RENOVATE,G,49.5826321,5.7562931
,10405602,Rue des Trois Limites,110,,,Seraing,4102,WALLONIE,Liège,Liège,HOUSE,HOUSE,220000,residential_sale,1959,4,161,HYPER_EQUIPPED,False,False,True,26,True,303,3,True,JUST_RENOVATED,C,50.5948975,5.534272
,10870923,Rue Taque,64,,,Seraing,4101,WALLONIE,Liège,Liège,HOUSE,HOUSE,219900,residential_sale,1956,3,140,INSTALLED,True,False,True,11,,220,3,False,TO_BE_DONE_UP,D,50.6187426,5.5062909
,11024248,Heiveldstraat,111,,,Beveren,9120,FLANDERS,Sint-Niklaas,East Flanders,HOUSE,HOUSE,219000,residential_sale,1957,3,155,SEMI_EQUIPPED,False,False,True,15,True,228,2,False,TO_RENOVATE,F,51.2244367,4.2474823
,11058166,Rue Antiémont,40,,,Marche-en-Famenne,6900,WALLONIE,Marche-en-Famenne,Luxembourg,HOUSE,HOUSE,219000,residential_sale,1968,2,104,HYPER_EQUIPPED,False,False,True,80,True,559,3,False,AS_NEW,B,50.1748487,5.293849
,11109457,Rue des Cytises,46,,,Flémalle,4400,WALLONIE,Liège,Liège,HOUSE,HOUSE,219000,residential_sale,1969,2,102,INSTALLED,False,False,,,True,509,4,False,TO_RENOVATE,G,50.6170848,5.4454395
,10542512,Rue de la Jeunesse,82,,,Seraing,4100,WALLONIE,Liège,Liège,HOUSE,HOUSE,219000,residential_sale,1950,2,100,USA_INSTALLED,False,False,True,53,True,373,3,False,GOOD,F,50.5878601,5.5028717
,10841095,Vaartstraat,114,,,Niel,2845,FLANDERS,Antwerp,Antwerp,HOUSE,HOUSE,214000,residential_sale,1932,2,147,INSTALLED,,True,True,20,True,555,2,,TO_RENOVATE,F,51.110173,4.3216956
,11035880,Place Capitaine Mostenne,45,,,On,6900,WALLONIE,Marche-en-Famenne,Luxembourg,HOUSE,HOUSE,210000,residential_sale,1850,3,172,SEMI_EQUIPPED,False,False,True,,True,1397,3,False,TO_BE_DONE_UP,G,50.1714031,5.2855385
,10396436,rue des paireuses,3B,,,Amay,4540,WALLONIE,Huy,Liège,HOUSE,BUNGALOW,199000,residential_sale,1965,3,102,SEMI_EQUIPPED,False,False,,,True,818,4,False,GOOD,E,50.5558161,5.3157536
,11099738,Rue Joseph Wauters,88,,,Oupeye,4683,WALLONIE,Liège,Liège,HOUSE,HOUSE,199000,residential_sale,1968,2,138,INSTALLED,False,False,True,21,True,172,3,False,GOOD,G,50.6973156,5.6524062
,10714842,Rue de la Baume,193,,,Seraing,4100,WALLONIE,Liège,Liège,HOUSE,HOUSE,199000,residential_sale,1862,4,125,INSTALLED,False,False,True,108,True,229,2,False,GOOD,F,50.6015482,5.5107987
,11009311,Rue des Chaineux,6,,,Liège,4032,WALLONIE,Liège,Liège,HOUSE,HOUSE,199000,residential_sale,1966,2,134,INSTALLED,False,False,True,16,True,143,2,False,TO_BE_DONE_UP,D,50.6144198,5.620434
,10915689,Rue de l'Abbaye,43,,,ANTHEIT,4520,WALLONIE,Huy,Liège,HOUSE,HOUSE,189000,residential_sale,1962,3,153,SEMI_EQUIPPED,,True,True,35,True,2720,4,,GOOD,F,50.5486947,5.2302525
,11104715,Avenue du Petit-Bourgogne,30,,,Liège,4000,WALLONIE,Liège,Liège,HOUSE,HOUSE,199000,residential_sale,1936,2,109,INSTALLED,,True,True,9,True,69,2,False,GOOD,E,50.6124195,5.5588112
,10925280,Place de la Loriette,8,,,Wavre,1300,WALLONIE,Nivelles,Walloon Brabant,HOUSE,HOUSE,195000,residential_sale,1850,1,70,INSTALLED,,True,,,,40,3,,JUST_RENOVATED,D,50.7177852,4.6032614
