,PropertyUrl,ID,Street,HouseNumber,Box,Floor,City,PostalCode,Region,District,Province,PropertyType,PropertySubType,Price,SaleType,ConstructionYear,BedroomCount,LivingArea,KitchenType,Furnished,Fireplace,Terrace,TerraceArea,Garden,GardenArea,Facades,SwimmingPool,Condition,EPCScore,Latitude,Longitude
0,,11050526,Avenue des Communautes,"4,B15",,1.0,Evere,1140,BRUSSELS,Brussels,Brussels,APARTMENT,APARTMENT,325000,residential_sale,2022.0,2,101,USA_HYPER_EQUIPPED,False,False,True,18.0,,,2.0,False,AS_NEW,A,50.8582632,4.4251766
1,,11153142,Boulevard Géneral Jacques,42,,3.0,Ixelles,1050,BRUSSELS,Brussels,Brussels,APARTMENT,FLAT_STUDIO,247500,residential_sale,1969.0,0,44,INSTALLED,False,False,True,4.0,,,2.0,False,AS_NEW,F,50.8176653,4.3785382
2,,11154851,Avenue des Gerfauts,10,,12.0,Watermael-Boitsfort,1170,BRUSSELS,Brussels,Brussels,APARTMENT,APARTMENT,249000,residential_sale,1966.0,1,70,HYPER_EQUIPPED,,False,True,9.0,,,2.0,False,GOOD,F,50.8121476,4.4174092
3,,11153848,Rue Roberts Jones - Roberts Jonesstraat,38,,2.0,Uccle,1180,BRUSSELS,Brussels,Brussels,APARTMENT,APARTMENT,340000,residential_sale,1974.0,1,48,USA_HYPER_EQUIPPED,True,False,,,,,1.0,False,AS_NEW,C,50.8074827,4.3552938
4,,11140880,Egmont Park,11,,2.0,Gavere,9890,FLANDERS,Gent,East Flanders,APARTMENT,APARTMENT,275450,residential_sale,2021.0,1,76,HYPER_EQUIPPED,False,False,True,11.0,,,4.0,False,AS_NEW,A,50.9284071,3.679605
5,,11140881,Egmont Park,11,,1.0,Gavere,9890,FLANDERS,Gent,East Flanders,APARTMENT,APARTMENT,269700,residential_sale,2021.0,1,76,HYPER_EQUIPPED,False,False,True,11.0,,,4.0,,AS_NEW,A,50.9284071,3.679605
6,,11153826,Paul Vekemanslaan,61, 3v,3.0,HOBOKEN,2660,FLANDERS,Antwerp,Antwerp,APARTMENT,APARTMENT,210000,residential_sale,1980.0,3,93,INSTALLED,,False,True,7.0,,,,,JUST_RENOVATED,C,51.1763192,4.3620869
7,,11156677,Bayauxlaan,34,A1,1.0,Knokke-Heist,8300,FLANDERS,Brugge,West Flanders,APARTMENT,APARTMENT,445000,residential_sale,1936.0,2,75,HYPER_EQUIPPED,True,False,,,,,2.0,False,JUST_RENOVATED,C,51.3491379,3.2854853
8,,11154878,Boulevard Leopold II,61,20,2.0,Molenbeek-Saint-Jean,1080,BRUSSELS,Brussels,Brussels,APARTMENT,APARTMENT,215000,residential_sale,2012.0,2,70,USA_INSTALLED,,False,,,,,2.0,False,GOOD,C,50.8601331,4.3424018
9,,11156429,Square Vergote,9,,4.0,Woluwe-Saint-Lambert,1200,BRUSSELS,Brussels,Brussels,APARTMENT,APARTMENT,785000,residential_sale,1990.0,3,230,USA_HYPER_EQUIPPED,False,False,True,20.0,,,2.0,False,GOOD,G,50.8447709,4.4039522
10,,11155049,Nieuwelaan,121,,1.0,Grimbergen,1853,FLANDERS,Halle-Vilvoorde,Flemish Brabant,APARTMENT,APARTMENT,250000,residential_sale,1972.0,2,100,INSTALLED,False,False,True,16.0,,,4.0,False,GOOD,B,50.9027742,4.3473616
11,,11154663,rue Groeselenberg,53,0,2.0,Uccle,1180,BRUSSELS,Brussels,Brussels,APARTMENT,PENTHOUSE,1295000,residential_sale,2022.0,3,179,USA_HYPER_EQUIPPED,False,False,True,36.0,,,4.0,False,AS_NEW,C,50.8026478,4.3523223
12,,11012764,Avenue des Communautes,4,,14.0,Evere,1140,BRUSSELS,Brussels,Brussels,APARTMENT,APARTMENT,525000,residential_sale,2022.0,3,140,USA_HYPER_EQUIPPED,False,False,True,13.0,,,2.0,False,AS_NEW,A,50.859963,4.4210558
13,,10946278,Place du Grand Luxembourg,7, 32,3.0,ARLON,6700,WALLONIE,Arlon,Luxembourg,APARTMENT,APARTMENT,345000,residential_sale,2013.0,2,86,INSTALLED,,False,True,8.0,,,,,GOOD,B,49.6775402,5.8059578
14,,11152796,Miksebaan,252a,,2.0,Brasschaat,2930,FLANDERS,Antwerp,Antwerp,APARTMENT,APARTMENT,529000,residential_sale,2000.0,2,155,HYPER_EQUIPPED,,False,True,15.0,,,,False,AS_NEW,A,51.296794,4.517428
15,,11151762,Avenue Wielemans Ceuppens,169,,5.0,Forest,1190,BRUSSELS,Brussels,Brussels,APARTMENT,APARTMENT,275000,residential_sale,1962.0,2,79,INSTALLED,False,False,,,,,2.0,False,AS_NEW,G,50.8240738,4.3336574
16,,11150480,Rijsenbergstraat,242,,8.0,Gent,9000,FLANDERS,Gent,East Flanders,APARTMENT,APARTMENT,625000,residential_sale,1970.0,3,200,SEMI_EQUIPPED,False,False,True,25.0,,,2.0,False,TO_RENOVATE,B,51.0428018,3.7022141
17,,11152248,Zilverstraat,16,3.06,3.0,Bruxelles,1000,BRUSSELS,Brussels,Brussels,APARTMENT,APARTMENT,289000,residential_sale,2012.0,1,88,HYPER_EQUIPPED,False,False,,,,,2.0,False,GOOD,B,50.8507767,4.3556963
18,,11064472,Avenue Minerve,37,32,9.0,Forest,1190,BRUSSELS,Brussels,Brussels,APARTMENT,APARTMENT,350000,residential_sale,1960.0,2,102,INSTALLED,False,False,True,12.0,,,2.0,False,GOOD,C,50.8100491,4.3308705
19,,11135884,Rogierlaan,23,4,3.0,Blankenberge,8370,FLANDERS,Brugge,West Flanders,APARTMENT,APARTMENT,199000,residential_sale,1885.0,2,92,USA_HYPER_EQUIPPED,,False,,,,,,False,AS_NEW,C,51.3165723,3.1335767
20,,10699181,Leopoldhelling,4,,8.0,BLANKENBERGE,8370,FLANDERS,Brugge,West Flanders,APARTMENT,APARTMENT,279000,residential_sale,1981.0,1,58,INSTALLED,,False,True,,,,,,GOOD,B,51.3146594,3.122708
21,,11152299,KRUIDTUINLAAN,"3, B3",,3.0,Brussels City,1000,BRUSSELS,Brussels,Brussels,APARTMENT,APARTMENT,195000,residential_sale,2010.0,1,33,INSTALLED,True,True,True,3.0,,,3.0,,GOOD,E,50.8546109,4.3606333
22,,11150545,Veronicastraat,3,,1.0,Gent,9000,FLANDERS,Gent,East Flanders,APARTMENT,APARTMENT,260000,residential_sale,1965.0,2,99,INSTALLED,False,False,True,4.0,,,2.0,False,GOOD,B,51.0749207,3.713325
23,,11152298,KIEKENMARKT,52, 216,2.0,Brussels City,1000,BRUSSELS,Brussels,Brussels,APARTMENT,FLAT_STUDIO,165000,residential_sale,2014.0,0,33,USA_HYPER_EQUIPPED,True,True,,,,,2.0,,GOOD,E,50.8485452,4.3516458
24,,11150748,Rue du Bivouac,1,,1.0,ANDERLECHT,1070,BRUSSELS,Brussels,Brussels,APARTMENT,APARTMENT,184900,residential_sale,1965.0,2,65,NOT_INSTALLED,False,False,,,,,2.0,False,TO_RENOVATE,G,50.8478801,4.3146214
25,,11151417,Rue Marcel Remy,1, 3/6,3.0,GRIVEGNÉE,4030,WALLONIE,Liège,Liège,APARTMENT,APARTMENT,139000,residential_sale,1976.0,2,73,NOT_INSTALLED,,False,True,11.0,,,2.0,,TO_BE_DONE_UP,E,50.6281169,5.6291037
26,,11155286,Clos Albert Crommelynck,44,,1.0,Auderghem,1160,BRUSSELS,Brussels,Brussels,APARTMENT,APARTMENT,700000,residential_sale,2005.0,2,132,HYPER_EQUIPPED,False,False,True,36.0,,,4.0,False,GOOD,D,50.8236011,4.4305544
27,,11154854,Avenue du Gobelet d'Or,6,,1.0,Woluwe-Saint-Lambert,1200,BRUSSELS,Brussels,Brussels,APARTMENT,APARTMENT,490000,residential_sale,1991.0,3,144,INSTALLED,False,False,,,,,2.0,False,GOOD,D,50.8478208,4.4455682
28,,11140882,Onderstraat,9,,2.0,Gavere,9890,FLANDERS,Gent,East Flanders,APARTMENT,DUPLEX,442375,residential_sale,2021.0,3,148,HYPER_EQUIPPED,False,False,True,11.0,,,4.0,False,AS_NEW,A,50.929796,3.6626257
29,,11140883,Onderstraat,9,,2.0,Gavere,9890,FLANDERS,Gent,East Flanders,APARTMENT,DUPLEX,438875,residential_sale,2021.0,3,146,HYPER_EQUIPPED,False,False,True,11.0,,,4.0,False,AS_NEW,A,50.929796,3.6626257
30,,11140877,Egmont Park,11,,3.0,Gavere,9890,FLANDERS,Gent,East Flanders,APARTMENT,APARTMENT,419760,residential_sale,2021.0,2,165,HYPER_EQUIPPED,False,False,True,11.0,,,4.0,False,AS_NEW,A,50.9284071,3.679605
31,,11140887,Egmont Park,11,,1.0,Gavere,9890,FLANDERS,Gent,East Flanders,APARTMENT,APARTMENT,373650,residential_sale,2021.0,2,126,HYPER_EQUIPPED,False,False,True,11.0,,,4.0,False,AS_NEW,A,50.9284071,3.679605
32,,11153221,Avenue Général Dossin de Saint-Georges,61,,2.0,Ixelles,1050,BRUSSELS,Brussels,Brussels,APARTMENT,APARTMENT,395000,residential_sale,1956.0,2,108,INSTALLED,,False,True,,,,3.0,False,AS_NEW,D,50.8095584,4.3868558
33,,11140879,Egmont Park,11,,2.0,Gavere,9890,FLANDERS,Gent,East Flanders,APARTMENT,APARTMENT,377150,residential_sale,2021.0,3,126,HYPER_EQUIPPED,False,False,True,11.0,,,4.0,False,AS_NEW,A,50.9284071,3.679605
34,,11150926,Swolfsstraat,10, 5C,5.0,KNOKKE,8300,FLANDERS,Brugge,West Flanders,APARTMENT,APARTMENT,925000,residential_sale,1978.0,2,82,SEMI_EQUIPPED,,False,True,72.0,,,2.0,,TO_RENOVATE,C,51.3539739,3.2936069
35,,11156375,Harmoniestraat,34, 4,4.0,ANTWERPEN 2018,2018,FLANDERS,Antwerp,Antwerp,APARTMENT,PENTHOUSE,285000,residential_sale,1974.0,2,96,INSTALLED,,True,,,,,,,GOOD,F,51.2029692,4.4097576
36,,11149565,Swolfsstraat,10, 5C,5.0,KNOKKE,8300,FLANDERS,Brugge,West Flanders,APARTMENT,PENTHOUSE,925000,residential_sale,1978.0,2,82,SEMI_EQUIPPED,,False,True,72.0,,,2.0,,TO_RENOVATE,C,51.3539739,3.2936069
37,,11156539,Rue Alphonse Vandenpeereboom,162,,9.0,MOLENBEEK-SAINT-JEAN,1080,BRUSSELS,Brussels,Brussels,APARTMENT,APARTMENT,219000,residential_sale,2020.0,1,60,HYPER_EQUIPPED,,False,True,5.0,,,2.0,False,AS_NEW,B,50.849107,4.3228392
38,,11147394,Leopoldstraat,63, 5V,5.0,ANTWERPEN,2000,FLANDERS,Antwerp,Antwerp,APARTMENT,FLAT_STUDIO,167000,residential_sale,1967.0,1,38,SEMI_EQUIPPED,,False,True,3.0,,,2.0,,JUST_RENOVATED,C,51.2133243,4.4074277
39,,11156502,Avenue de l'Atlantique,88,,4.0,Woluwe-Saint-Pierre,1150,BRUSSELS,Brussels,Brussels,APARTMENT,APARTMENT,398000,residential_sale,1958.0,3,124,SEMI_EQUIPPED,False,False,True,9.0,,,3.0,False,TO_BE_DONE_UP,G,50.8295399,4.418699
40,,11146421,Hoogstraat,15,101,1.0,Ronse,9600,FLANDERS,Oudenaarde,East Flanders,APARTMENT,APARTMENT,129000,residential_sale,1950.0,1,68,INSTALLED,False,False,,,,,2.0,False,TO_BE_DONE_UP,B,50.7459434,3.5986088
41,,11156789,Jacques Georginlaan,30,,6.0,Woluwe-Saint-Lambert,1200,BRUSSELS,Brussels,Brussels,APARTMENT,APARTMENT,400000,residential_sale,2019.0,2,98,USA_HYPER_EQUIPPED,False,False,True,12.0,,,2.0,False,AS_NEW,C,50.8550464,4.4113738
42,,11153218,Rue de Malmedy,16,,2.0,Waimes,4950,WALLONIE,Verviers,Liège,APARTMENT,APARTMENT,299000,residential_sale,2022.0,3,138,,False,False,True,40.0,,,,False,AS_NEW,B,50.4150467,6.107856
43,,11148735,Av. de la Forêt,196,,1.0,Bruxelles,1000,BRUSSELS,Brussels,Brussels,APARTMENT,APARTMENT,595000,residential_sale,1950.0,3,172,HYPER_EQUIPPED,False,False,,,,,2.0,False,AS_NEW,D,50.7977354,4.3961315
44,,11020971,Holstraat,44,,3.0,Waregem,8790,FLANDERS,Kortrijk,West Flanders,APARTMENT,FLAT_STUDIO,115000,residential_sale,1992.0,1,37,USA_INSTALLED,False,False,,,,,,False,JUST_RENOVATED,E,50.884982,3.435005
45,,11146192,Avenue des Celtes,8,,2.0,Woluwe-Saint-Lambert,1200,BRUSSELS,Brussels,Brussels,APARTMENT,APARTMENT,635000,residential_sale,1912.0,2,114,USA_HYPER_EQUIPPED,False,False,True,4.0,,,2.0,False,AS_NEW,D,50.8387337,4.398459
46,,11149067,Derbystraat,126,,4.0,Sint Denijs Westrem,9051,FLANDERS,Gent,East Flanders,APARTMENT,SERVICE_FLAT,165000,residential_sale,1996.0,1,93,HYPER_EQUIPPED,False,False,True,11.0,,,2.0,True,GOOD,C,51.0235853,3.6949472
47,,10971611,Holstraat,44,,3.0,Waregem,8790,FLANDERS,Kortrijk,West Flanders,APARTMENT,FLAT_STUDIO,115000,residential_sale,1992.0,1,37,USA_INSTALLED,False,False,,,,,,False,JUST_RENOVATED,D,50.884982,3.435005
48,,11149338,Boulevard Edmond Machtens,184,,7.0,Molenbeek-saint-jean,1080,BRUSSELS,Brussels,Brussels,APARTMENT,APARTMENT,299000,residential_sale,2006.0,2,95,USA_HYPER_EQUIPPED,False,False,True,13.0,,,2.0,False,AS_NEW,E,50.8506778,4.3016979
49,,11149593,Kruisbekstraat,13, 302,3.0,Merksem,2170,FLANDERS,Antwerp,Antwerp,APARTMENT,APARTMENT,249000,residential_sale,1967.0,3,96,INSTALLED,,True,,,,,2.0,,GOOD,B,51.2558069,4.436032
50,,11147393,Leopoldstraat,63, 5V,5.0,ANTWERPEN,2000,FLANDERS,Antwerp,Antwerp,APARTMENT,APARTMENT,167000,residential_sale,1967.0,1,38,SEMI_EQUIPPED,,False,True,3.0,,,2.0,,JUST_RENOVATED,C,51.2133243,4.4074277
51,,11146191,Avenue des Celtes,8,,2.0,Woluwe-Saint-Pierre,1150,BRUSSELS,Brussels,Brussels,APARTMENT,APARTMENT,635000,residential_sale,1912.0,2,114,USA_HYPER_EQUIPPED,False,False,True,4.0,,,2.0,False,AS_NEW,D,50.8387337,4.398459
52,,11148725,Rue de la Filature,20,,7.0,Anderlecht,1070,BRUSSELS,Brussels,Brussels,APARTMENT,APARTMENT,289500,residential_sale,2022.0,2,87,USA_HYPER_EQUIPPED,,False,True,11.0,,,3.0,False,AS_NEW,A,50.8296128,4.3164317
53,,11150386,Ferdinand Lousbergskaai,81,,2.0,Ghent,9000,FLANDERS,Gent,East Flanders,APARTMENT,APARTMENT,398000,residential_sale,1965.0,3,95,HYPER_EQUIPPED,,False,True,5.0,,,2.0,False,AS_NEW,B,51.0480955,3.7393814
54,,11147112,Potvlietlaan,"1, 9",,9.0,Berchem,2600,FLANDERS,Antwerp,Antwerp,APARTMENT,APARTMENT,189000,residential_sale,1976.0,2,90,SEMI_EQUIPPED,,True,True,12.0,,,2.0,,GOOD,C,51.2044084,4.4427596
55,,11153088,avenue de la renaissance,21,,6.0,Brussels,1000,BRUSSELS,Brussels,Brussels,APARTMENT,APARTMENT,795000,residential_sale,1980.0,3,205,INSTALLED,False,False,True,15.0,,,2.0,False,GOOD,D,50.843715,4.390069
56,,11144586,FREESIADREEF,14, 14,1.0,Schaerbeek,1030,BRUSSELS,Brussels,Brussels,APARTMENT,FLAT_STUDIO,165000,residential_sale,1998.0,0,31,INSTALLED,True,True,True,1.0,,,2.0,,GOOD,E,50.8653969,4.3900308
57,,10658716,Zeedijk,165,,3.0,BLANKENBERGE,8370,FLANDERS,Brugge,West Flanders,APARTMENT,APARTMENT,269000,residential_sale,1970.0,2,70,SEMI_EQUIPPED,True,False,True,,,,,,TO_BE_DONE_UP,B,51.3172898,3.1331847
58,,11153149,Jacques Georginlaan,30,,6.0,Schaerbeek,1030,BRUSSELS,Brussels,Brussels,APARTMENT,APARTMENT,400000,residential_sale,2019.0,2,98,USA_HYPER_EQUIPPED,False,False,True,12.0,,,2.0,False,AS_NEW,C,50.8550464,4.4113738
59,,11155018,avenue Maurice,11,,3.0,Ixelles,1050,BRUSSELS,Brussels,Brussels,APARTMENT,APARTMENT,795000,residential_sale,1974.0,3,184,INSTALLED,False,False,,,,,2.0,False,TO_BE_DONE_UP,E,50.8162571,4.3804238
60,,11143793,Rue de Genève,7,,3.0,Evere,1140,BRUSSELS,Brussels,Brussels,APARTMENT,APARTMENT,240000,residential_sale,2013.0,1,45,USA_HYPER_EQUIPPED,True,False,True,,,,2.0,False,AS_NEW,B,50.8639409,4.4034631
61,,11154549,Joseph Bens,43,,1.0,Uccle,1180,BRUSSELS,Brussels,Brussels,APARTMENT,APARTMENT,450000,residential_sale,1969.0,3,110,USA_HYPER_EQUIPPED,False,False,True,10.0,,,2.0,False,GOOD,D,50.8078684,4.3344996
62,,11155179,Avenue Herbert Hoover,126,,2.0,WOLUWE-SAINT-LAMBERT,1200,BRUSSELS,Brussels,Brussels,APARTMENT,APARTMENT,325000,residential_sale,1964.0,1,67,USA_HYPER_EQUIPPED,,False,True,2.0,,,,,JUST_RENOVATED,D,50.84882,4.4106662
63,,11154864,ZEEDIJK,65,,2.0,BLANKENBERGE,8370,FLANDERS,Brugge,West Flanders,APARTMENT,APARTMENT,349000,residential_sale,1989.0,2,73,INSTALLED,True,False,True,,,,2.0,,GOOD,C,51.3143428,3.1203675
64,,11155256,Avenue Herbert Hoover,126,,2.0,SCHAERBEEK,1030,BRUSSELS,Brussels,Brussels,APARTMENT,APARTMENT,325000,residential_sale,1964.0,1,67,USA_HYPER_EQUIPPED,,False,True,2.0,,,,,JUST_RENOVATED,D,50.84882,4.4106662
65,,11154987,Square Servaes Hoedemaekers,24,A01,1.0,Evere,1140,BRUSSELS,Brussels,Brussels,APARTMENT,APARTMENT,279000,residential_sale,1966.0,3,93,INSTALLED,False,False,True,9.0,,,2.0,False,GOOD,E,50.8726595,4.4045875
66,,11155334,Rue de Stalle,178,,2.0,Uccle,1180,BRUSSELS,Brussels,Brussels,APARTMENT,APARTMENT,250000,residential_sale,1952.0,2,74,USA_HYPER_EQUIPPED,False,False,,,,,2.0,False,GOOD,G,50.7960701,4.3266107
67,,11155100,Rue Steenvelt,26,,3.0,Uccle,1180,BRUSSELS,Brussels,Brussels,APARTMENT,APARTMENT,275000,residential_sale,1974.0,1,55,SEMI_EQUIPPED,False,False,True,10.0,,,2.0,False,AS_NEW,E,50.7830269,4.3248264
68,,11153901,Haspengouwstraat ,33, 2v,2.0,HOBOKEN,2660,FLANDERS,Antwerp,Antwerp,APARTMENT,APARTMENT,249900,residential_sale,2007.0,2,100,INSTALLED,,False,True,10.0,,,2.0,,AS_NEW,A,51.1825491,4.3602193
69,,11147883,Avenue Thomas Frissen,2,,4.0,Auderghem,1160,BRUSSELS,Brussels,Brussels,APARTMENT,APARTMENT,290000,residential_sale,1962.0,2,80,INSTALLED,False,False,True,7.0,,,,False,GOOD,D,50.823161,4.4103857
70,,11148717,Rue Alphonse Vandenpeereboom,162,,9.0,MOLENBEEK-SAINT-JEAN,1080,BRUSSELS,Brussels,Brussels,APARTMENT,APARTMENT,229000,residential_sale,2020.0,1,71,HYPER_EQUIPPED,,False,True,,,,2.0,False,AS_NEW,B,50.849107,4.3228392
71,,11153802,Rue de Danemark,31,,1.0,SAINT-GILLES,1060,BRUSSELS,Brussels,Brussels,APARTMENT,APARTMENT,220000,residential_sale,1963.0,2,70,SEMI_EQUIPPED,,False,,,,,2.0,False,GOOD,E,50.8319424,4.3356801
72,,11148338,Rue Abbé Michel Renard,"1, 21",,2.0,Nivelles,1400,WALLONIE,Nivelles,Walloon Brabant,APARTMENT,APARTMENT,330000,residential_sale,2020.0,2,82,INSTALLED,,True,True,7.0,,,4.0,,AS_NEW,B,50.6028831,4.3382214
73,,11153495,Donkerstraat,"1,0201",,2.0,Leuven,3000,FLANDERS,Leuven,Flemish Brabant,APARTMENT,FLAT_STUDIO,155000,residential_sale,1977.0,0,16,INSTALLED,False,False,True,4.0,,,4.0,,AS_NEW,D,50.8878729,4.6918041
74,,11150872,Avenue Général de Gaulle,26,,7.0,Ixelles,1050,BRUSSELS,Brussels,Brussels,APARTMENT,APARTMENT,720000,residential_sale,1938.0,3,170,HYPER_EQUIPPED,False,False,True,7.0,,,4.0,False,GOOD,G,50.8256837,4.3707899
75,,11150505,Boulevard Saint-Michel,115,,7.0,Etterbeek,1040,BRUSSELS,Brussels,Brussels,APARTMENT,APARTMENT,749000,residential_sale,1935.0,3,197,USA_HYPER_EQUIPPED,False,False,True,19.0,,,4.0,False,AS_NEW,F,50.8325261,4.404477
76,,11144814,Keizer Karelstraat,204, 102,1.0,GENT,9000,FLANDERS,Gent,East Flanders,APARTMENT,APARTMENT,325000,residential_sale,1920.0,1,76,INSTALLED,,False,,,,,2.0,,GOOD,D,51.0503957,3.7335394
77,,11103715,Rue des Soldats,36,G5.02,5.0,Berchem-Sainte-Agathe,1082,BRUSSELS,Brussels,Brussels,APARTMENT,APARTMENT,245000,residential_sale,2008.0,2,110,INSTALLED,,False,True,13.0,,,4.0,False,GOOD,F,50.8631826,4.2967048
78,,11150619,Avenue Louise,160A,,3.0,Ixelles,1050,BRUSSELS,Brussels,Brussels,APARTMENT,APARTMENT,495000,residential_sale,1958.0,3,134,INSTALLED,False,False,True,12.0,,,2.0,False,GOOD,D,50.8286819,4.3630138
79,,11142083,Montebellostraat,2, 207,2.0,ANTWERPEN,2018,FLANDERS,Antwerp,Antwerp,APARTMENT,FLAT_STUDIO,187000,residential_sale,1970.0,1,42,INSTALLED,,False,True,7.0,,,2.0,,AS_NEW,B,51.2081873,4.4082537
80,,11151844,Digue du Canal,115,D34,3.0,Anderlecht,1070,BRUSSELS,Brussels,Brussels,APARTMENT,APARTMENT,399000,residential_sale,2020.0,3,126,USA_SEMI_EQUIPPED,False,False,True,16.0,,,,False,AS_NEW,B,50.8251182,4.308844
81,,11140941,Faubourg de Binche,"4,8",,3.0,Le Roeulx,7070,WALLONIE,Soignies,Hainaut,APARTMENT,APARTMENT,185000,residential_sale,2014.0,1,68,INSTALLED,,False,,,,,,,GOOD,B,50.4991933,4.1096622
82,,11150560,Bergdal,"2,006",,2.0,Grimbergen,1853,FLANDERS,Halle-Vilvoorde,Flemish Brabant,APARTMENT,APARTMENT,239000,residential_sale,1958.0,2,85,INSTALLED,False,False,True,28.0,,,3.0,False,GOOD,F,50.90249,4.3537421
83,,11150896,Avenue George Bergmann,76,,3.0,Ixelles,1050,BRUSSELS,Brussels,Brussels,APARTMENT,APARTMENT,330000,residential_sale,1950.0,1,95,SEMI_EQUIPPED,False,False,True,10.0,,,2.0,False,GOOD,D,50.8084836,4.3904443
84,,11150509,Pontstraat,32, 7,5.0,AALST,9300,FLANDERS,Aalst,East Flanders,APARTMENT,APARTMENT,279000,residential_sale,1993.0,2,126,SEMI_EQUIPPED,,False,True,,,,2.0,,GOOD,B,50.9364487,4.0430635
85,,11151820,Lefebvrestraat,20,,1.0,Nieuwpoort,8620,FLANDERS,Veurne,West Flanders,APARTMENT,FLAT_STUDIO,165000,residential_sale,2000.0,0,30,INSTALLED,True,True,True,5.0,,,2.0,,GOOD,B,51.1478453,2.7163774
86,,11144379,Rue du Tabellion,41,5,2.0,Ixelles,1050,BRUSSELS,Brussels,Brussels,APARTMENT,APARTMENT,449000,residential_sale,2003.0,2,95,HYPER_EQUIPPED,False,False,True,4.0,,,2.0,False,TO_BE_DONE_UP,C,50.822741,4.3558629
87,,11137657,Boulevard de la Cambre,25,2.3,2.0,Bruxelles,1000,BRUSSELS,Brussels,Brussels,APARTMENT,KOT,216500,residential_sale,2022.0,0,24,INSTALLED,True,False,,,,,2.0,False,AS_NEW,B,50.8161189,4.374468
88,,11149965,Rue Luciflore,13,15,2.0,Waremme,4300,WALLONIE,Waremme,Liège,APARTMENT,APARTMENT,220000,residential_sale,1974.0,3,115,,False,False,True,,,,3.0,False,GOOD,C,50.6899574,5.2516684
89,,11153121,Boulevard de Smet de Naeyer,419,,1.0,Jette,1090,BRUSSELS,Brussels,Brussels,APARTMENT,APARTMENT,289000,residential_sale,1965.0,3,80,INSTALLED,False,False,True,2.0,,,2.0,False,GOOD,G,50.8844255,4.3376556
90,,11150061,Avenue Louise,160A,,3.0,Ixelles,1050,BRUSSELS,Brussels,Brussels,APARTMENT,APARTMENT,495000,residential_sale,1958.0,2,134,INSTALLED,False,False,True,12.0,,,2.0,False,GOOD,D,50.8286819,4.3630138
91,,11153822,De Roest d'Alkemadelaan,11, 13v,13.0,BERCHEM,2600,FLANDERS,Antwerp,Antwerp,APARTMENT,APARTMENT,175000,residential_sale,1968.0,2,90,INSTALLED,,False,True,7.0,,,2.0,,GOOD,B,51.1829846,4.4320932
92,,11140816,Rue des Soldats,36,G3.02,3.0,Berchem-Sainte-Agathe,1082,BRUSSELS,Brussels,Brussels,APARTMENT,APARTMENT,275000,residential_sale,2008.0,3,119,INSTALLED,,False,True,9.0,,,4.0,False,GOOD,E,50.8631826,4.2967048
93,,11156330,Bredabaan,405, 5001,5.0,Brasschaat,2930,FLANDERS,Antwerp,Antwerp,APARTMENT,PENTHOUSE,995000,residential_sale,1996.0,2,315,HYPER_EQUIPPED,True,True,True,40.0,,,2.0,,AS_NEW,B,51.290962,4.4937539
94,,11140638,Val des Seigneurs,78,,3.0,Woluwe-Saint-Pierre,1150,BRUSSELS,Brussels,Brussels,APARTMENT,PENTHOUSE,745000,residential_sale,1992.0,4,200,INSTALLED,False,False,True,12.0,,,2.0,False,AS_NEW,E,50.8416681,4.4578428
95,,11142762,Rue de Genève,7,,3.0,Evere,1140,BRUSSELS,Brussels,Brussels,APARTMENT,APARTMENT,285000,residential_sale,2013.0,1,63,USA_HYPER_EQUIPPED,True,False,True,4.0,,,2.0,False,AS_NEW,B,50.8639409,4.4034631
96,,11140817,Rue des Soldats,36,G3.03,3.0,Berchem-Sainte-Agathe,1082,BRUSSELS,Brussels,Brussels,APARTMENT,APARTMENT,290000,residential_sale,2008.0,3,130,INSTALLED,,False,True,,,,4.0,False,GOOD,D,50.8631826,4.2967048
97,,11140726,Avenue Ginette Javaux,14-16,17,2.0,Auderghem,1160,BRUSSELS,Brussels,Brussels,APARTMENT,APARTMENT,520000,residential_sale,2013.0,2,107,USA_INSTALLED,,False,True,12.0,,,,False,AS_NEW,B,50.8179762,4.4079328
98,,11149932,Esdoornlaan,11,1.2,1.0,Wetteren,9230,FLANDERS,Dendermonde,East Flanders,APARTMENT,DUPLEX,339000,residential_sale,2015.0,3,134,INSTALLED,False,False,True,,True,,3.0,False,GOOD,B,50.9950101,3.8851962
99,,11153307,Avenue des Communautés,4,,1.0,Evere,1140,BRUSSELS,Brussels,Brussels,APARTMENT,APARTMENT,325000,residential_sale,2022.0,2,102,USA_HYPER_EQUIPPED,,False,True,18.0,,,3.0,False,AS_NEW,,50.859963,4.4210558
100,,11139208,Avenue Frans van Kalken,18,,3.0,Anderlecht,1070,BRUSSELS,Brussels,Brussels,APARTMENT,APARTMENT,171717,residential_sale,1966.0,2,76,SEMI_EQUIPPED,False,False,True,6.0,,,2.0,False,TO_RENOVATE,F,50.8266515,4.3070416
101,,11150573,Lodewijk van Berckenlaan,344,,3.0,Antwerpen Borgerhout,2140,FLANDERS,Antwerp,Antwerp,APARTMENT,APARTMENT,249900,residential_sale,1965.0,2,89,INSTALLED,False,False,True,2.0,,,2.0,False,AS_NEW,B,51.1977601,4.4499573
102,,11149527,Zeedijk-Het Zoute,801,41,4.0,Knokke-Heist,8300,FLANDERS,Brugge,West Flanders,APARTMENT,APARTMENT,2095000,residential_sale,2015.0,3,97,USA_HYPER_EQUIPPED,False,False,True,12.0,,,2.0,False,AS_NEW,A,51.3562568,3.3038566
103,,11154845,Duinenwater,"4,61",,6.0,Knokke-Heist,8300,FLANDERS,Brugge,West Flanders,APARTMENT,APARTMENT,795000,residential_sale,2023.0,2,98,USA_HYPER_EQUIPPED,False,False,True,29.0,,,2.0,False,AS_NEW,,51.3395163,3.2742775
104,,11154846,Duinenwater,"4,71",,7.0,Knokke-Heist,8300,FLANDERS,Brugge,West Flanders,APARTMENT,APARTMENT,845000,residential_sale,2023.0,2,98,USA_HYPER_EQUIPPED,False,False,True,28.0,,,2.0,False,AS_NEW,,51.3395163,3.2742775
105,,11153308,Avenue des Communautés,4,,14.0,Evere,1140,BRUSSELS,Brussels,Brussels,APARTMENT,APARTMENT,525000,residential_sale,2022.0,3,140,USA_HYPER_EQUIPPED,,False,True,13.0,,,3.0,False,AS_NEW,,50.859963,4.4210558
106,,11146297,Brugsesteenweg,200-202,,1.0,Gent,9000,FLANDERS,Gent,East Flanders,APARTMENT,APARTMENT,419000,residential_sale,2024.0,3,140,HYPER_EQUIPPED,False,False,True,15.0,,,2.0,False,AS_NEW,,51.0652335,3.690419
107,,11138237,Rue de la Fosse au Sable,51,21,2.0,Braine-l'Alleud,1420,WALLONIE,Nivelles,Walloon Brabant,APARTMENT,APARTMENT,255000,residential_sale,2005.0,2,88,INSTALLED,False,False,True,6.0,,,2.0,False,GOOD,C,50.6799972,4.3736467
108,,11148764,Avenue Paul Hymans,110,,4.0,Woluwe-Saint-Lambert,1200,BRUSSELS,Brussels,Brussels,APARTMENT,APARTMENT,355000,residential_sale,1965.0,3,108,HYPER_EQUIPPED,False,False,True,10.0,,,2.0,False,GOOD,E,50.846766,4.4331642
109,,11138468,Kaai,44,,3.0,Nieuwpoort,8620,FLANDERS,Veurne,West Flanders,APARTMENT,APARTMENT,499000,residential_sale,2009.0,4,142,HYPER_EQUIPPED,False,False,True,10.0,,,2.0,False,AS_NEW,B,51.1330449,2.7470779
110,,11148788,Avenue Mutsaard,77,54,12.0,Bruxelles,1020,BRUSSELS,Brussels,Brussels,APARTMENT,APARTMENT,199000,residential_sale,1967.0,2,71,SEMI_EQUIPPED,,False,True,7.0,,,2.0,False,TO_RENOVATE,E,50.9010388,4.3582903
111,,11149708,Avenue Circulaire,144C,,6.0,Uccle,1180,BRUSSELS,Brussels,Brussels,APARTMENT,APARTMENT,665000,residential_sale,1960.0,3,140,HYPER_EQUIPPED,False,False,True,14.0,,,2.0,False,GOOD,E,50.7977584,4.3557219
112,,11137668,Rue de la Poste,93,,4.0,Schaerbeek,1030,BRUSSELS,Brussels,Brussels,APARTMENT,DUPLEX,250000,residential_sale,2015.0,1,65,USA_HYPER_EQUIPPED,False,False,,,,,2.0,False,AS_NEW,C,50.8582161,4.3670991
113,,11137641,Molenlei,98,,1.0,Mortsel,2640,FLANDERS,Antwerp,Antwerp,APARTMENT,APARTMENT,249000,residential_sale,1963.0,1,83,INSTALLED,,True,True,2.0,,,,,GOOD,B,51.1630463,4.4461849
114,,11139941,Guido Gezellelaan,102,01,2.0,Deinze,9800,FLANDERS,Gent,East Flanders,APARTMENT,APARTMENT,249000,residential_sale,1968.0,4,170,INSTALLED,,False,True,74.0,,,,,TO_BE_DONE_UP,B,50.9813868,3.5337153
115,,11146498,Rue Balatum,20,205,2.0,Genval,1332,WALLONIE,Nivelles,Walloon Brabant,APARTMENT,FLAT_STUDIO,249000,residential_sale,2018.0,0,50,USA_HYPER_EQUIPPED,False,False,True,8.0,,,,False,AS_NEW,A,50.720721,4.5123396
116,,11147420,Rue des Écoles,13, 2C/013,1.0,MONTEGNÉE,4420,WALLONIE,Liège,Liège,APARTMENT,APARTMENT,204303,residential_sale,2022.0,2,80,INSTALLED,,True,True,5.0,,,2.0,,AS_NEW,B,50.6419582,5.5208475
117,,11146190,Victor Gilsoullaan,12,,1.0,Woluwe-Saint-Lambert,1200,BRUSSELS,Brussels,Brussels,APARTMENT,APARTMENT,425000,residential_sale,1961.0,2,83,USA_HYPER_EQUIPPED,False,False,,,True,,2.0,False,JUST_RENOVATED,G,50.8416606,4.4198909
118,,11146194,Avenue de Tervueren,13,,4.0,Woluwe-Saint-Lambert,1200,BRUSSELS,Brussels,Brussels,APARTMENT,PENTHOUSE,875000,residential_sale,1912.0,2,187,USA_HYPER_EQUIPPED,False,False,True,25.0,,,3.0,False,JUST_RENOVATED,C,50.8389025,4.3986498
119,,11147702,Square Ambiorix,40,,7.0,Brussels City,1000,BRUSSELS,Brussels,Brussels,APARTMENT,APARTMENT,395000,residential_sale,1969.0,2,95,HYPER_EQUIPPED,False,False,True,5.0,,,2.0,False,AS_NEW,D,50.8461345,4.3830621
120,,11146189,Rue Gaucheret,6,,2.0,Bruxelles,1000,BRUSSELS,Brussels,Brussels,APARTMENT,APARTMENT,330000,residential_sale,2012.0,2,97,USA_HYPER_EQUIPPED,False,False,True,5.0,,,2.0,False,AS_NEW,C,50.8626863,4.3602658
121,,11146271,Rue Souveraine,27,2,1.0,Ixelles,1050,BRUSSELS,Brussels,Brussels,APARTMENT,APARTMENT,395000,residential_sale,1900.0,2,82,HYPER_EQUIPPED,,False,,,,,4.0,False,AS_NEW,C,50.8329825,4.3646617
122,,11147421,Rue des Écoles,13, 2C/011,1.0,MONTEGNÉE,4420,WALLONIE,Liège,Liège,APARTMENT,APARTMENT,162138,residential_sale,2022.0,1,60,INSTALLED,,True,,,,,2.0,,AS_NEW,B,50.6419582,5.5208475
123,,11147416,Rue des Écoles,13, 2B/012,1.0,MONTEGNÉE,4420,WALLONIE,Liège,Liège,APARTMENT,APARTMENT,168652,residential_sale,2022.0,1,53,INSTALLED,,True,True,7.0,,,2.0,,AS_NEW,B,50.6419582,5.5208475
124,,11147008,Chemin des Deux Maisons,8,,3.0,Woluwe-Saint-Lambert,1200,BRUSSELS,Brussels,Brussels,APARTMENT,FLAT_STUDIO,155000,residential_sale,1973.0,0,22,,True,False,,,,,2.0,False,GOOD,D,50.849049,4.4291383
125,,11148718,Rue des Carburants,1,,1.0,Forest,1190,BRUSSELS,Brussels,Brussels,APARTMENT,APARTMENT,399000,residential_sale,2023.0,3,127,USA_HYPER_EQUIPPED,,False,True,,,,2.0,,AS_NEW,B,50.8139605,4.3207534
126,,11156463,Avenue Molière,12,,1.0,Ixelles,1050,BRUSSELS,Brussels,Brussels,APARTMENT,APARTMENT,445000,residential_sale,1930.0,2,129,,,False,True,9.0,,,2.0,False,TO_RENOVATE,F,50.8155932,4.3401837
127,,11148806,Rue des Drapiers,"2,25",,4.0,Ixelles,1050,BRUSSELS,Brussels,Brussels,APARTMENT,APARTMENT,1495000,residential_sale,2015.0,3,174,USA_HYPER_EQUIPPED,,False,True,40.0,,,2.0,False,AS_NEW,B,50.8352339,4.3590931
128,,11148716,Avenue de Selliers de Moranville,31,,1.0,BERCHEM-SAINTE-AGATHE,1082,BRUSSELS,Brussels,Brussels,APARTMENT,APARTMENT,339000,residential_sale,2023.0,2,88,USA_HYPER_EQUIPPED,,False,True,7.0,,,3.0,False,AS_NEW,B,50.868523,4.2911622
129,,11156620,Heiveldstraat,225,,2.0,Gent Sint-Amandsberg,9040,FLANDERS,Gent,East Flanders,APARTMENT,APARTMENT,280000,residential_sale,1979.0,2,110,,False,False,True,6.0,,,3.0,False,TO_BE_DONE_UP,D,51.0648284,3.7608413
130,,11136885,Leopold Ii-Laan,"7,02.01",,2.0,Oostende,8400,FLANDERS,Oostend,West Flanders,APARTMENT,APARTMENT,369000,residential_sale,1986.0,2,80,INSTALLED,False,False,True,5.0,,,2.0,False,AS_NEW,B,51.2286718,2.9159118
131,,11079381,Dendermondsesteenweg,11, 1.2,1.0,Willebroek,2830,FLANDERS,Mechelen,Antwerp,APARTMENT,APARTMENT,205000,residential_sale,2008.0,1,65,HYPER_EQUIPPED,,True,True,5.0,,,,,GOOD,B,51.0604508,4.3592377
132,,11135516,Akkerstraat,63,103,1.0,Gent,9000,FLANDERS,Gent,East Flanders,APARTMENT,APARTMENT,346500,residential_sale,2018.0,1,88,USA_HYPER_EQUIPPED,True,False,True,22.0,,,2.0,False,AS_NEW,A,51.0551773,3.7106841
133,,11136533,Ridder Walter Van Havrelaan,118, 3,1.0,Schoten,2900,FLANDERS,Antwerp,Antwerp,APARTMENT,APARTMENT,295000,residential_sale,1997.0,2,110,INSTALLED,,True,True,6.0,,,2.0,,GOOD,B,51.2529292,4.488696
134,,11136327,Grand-Route,76A, 22,2.0,OMBRET-RAWSA,4540,WALLONIE,Huy,Liège,APARTMENT,APARTMENT,219000,residential_sale,2015.0,2,104,INSTALLED,,True,True,5.0,,,4.0,,GOOD,B,50.5442744,5.3382176
135,,10979572,Dorpskring,11, A,2.0,LUBBEEK,3210,FLANDERS,Leuven,Flemish Brabant,APARTMENT,APARTMENT,270000,residential_sale,1980.0,3,142,INSTALLED,,False,,,,,3.0,,GOOD,B,50.8819375,4.8412255
136,,11136340,Dambruggestraat,58,,2.0,Antwerp,2060,FLANDERS,Antwerp,Antwerp,APARTMENT,APARTMENT,205000,residential_sale,1950.0,1,62,USA_INSTALLED,,True,,,,,2.0,,JUST_RENOVATED,B,51.2203616,4.4233121
137,,11135758,Avenue van overbeke,212,,13.0,Ganshoren,1083,BRUSSELS,Brussels,Brussels,APARTMENT,APARTMENT,179000,residential_sale,1967.0,2,75,SEMI_EQUIPPED,False,False,True,18.0,,,2.0,False,TO_RENOVATE,D,50.877563,4.3066813
138,,11136002,Molenstraat,50, 301,2.0,EINE,9700,FLANDERS,Oudenaarde,East Flanders,APARTMENT,APARTMENT,174000,residential_sale,2007.0,2,70,SEMI_EQUIPPED,,True,,,,,2.0,,GOOD,C,50.8726939,3.6160362
139,,11150504,Rue Defacqz,113,,7.0,Saint-Gilles,1060,BRUSSELS,Brussels,Brussels,APARTMENT,APARTMENT,975000,residential_sale,2005.0,3,220,HYPER_EQUIPPED,False,False,True,25.0,,,2.0,False,AS_NEW,C,50.8263694,4.3559586
140,,11147534,Leopoldlaan,12,3C,3.0,Knokke-Heist,8300,FLANDERS,Brugge,West Flanders,APARTMENT,APARTMENT,1015000,residential_sale,1992.0,3,108,USA_HYPER_EQUIPPED,False,False,True,8.0,,,2.0,False,JUST_RENOVATED,B,51.347178,3.2873551
141,,11145842,Kapelstraat,193,,1.0,Bredene,8450,FLANDERS,Oostend,West Flanders,APARTMENT,APARTMENT,545000,residential_sale,2019.0,2,119,HYPER_EQUIPPED,,False,,,,,,,GOOD,A,51.2519935,2.9755725
142,,11050812,Belgiëlei,75A,,5.0,Antwerp,2018,FLANDERS,Antwerp,Antwerp,APARTMENT,APARTMENT,249900,residential_sale,1965.0,2,78,INSTALLED,False,False,,,,,,False,AS_NEW,B,51.2064545,4.4198789
143,,11150282,Duinenwater,"4,87",,8.0,Knokke-Heist,8300,FLANDERS,Brugge,West Flanders,APARTMENT,APARTMENT,1250000,residential_sale,2023.0,3,140,USA_HYPER_EQUIPPED,False,False,True,55.0,,,2.0,False,AS_NEW,,51.3395163,3.2742775
144,,11133918,Galerie du Commerce,"6,5.10",,5.0,Bruxelles,1000,BRUSSELS,Brussels,Brussels,APARTMENT,APARTMENT,265000,residential_sale,2013.0,1,63,USA_HYPER_EQUIPPED,,False,True,7.0,,,4.0,False,GOOD,C,50.8510449,4.3553982
145,,11133706,Akkerstraat,63,203,2.0,Gent,9000,FLANDERS,Gent,East Flanders,APARTMENT,APARTMENT,356500,residential_sale,2018.0,1,91,USA_HYPER_EQUIPPED,True,False,True,16.0,,,2.0,False,AS_NEW,A,51.0551773,3.7106841
146,,11134766,Deurnestraat,164, 12,5.0,Mortsel,2640,FLANDERS,Antwerp,Antwerp,APARTMENT,APARTMENT,299000,residential_sale,1976.0,3,140,SEMI_EQUIPPED,,True,,,,,,,TO_BE_DONE_UP,D,51.1791165,4.4467052
147,,11143837,Molenstraat,"2,13",,1.0,Liedekerke,1770,FLANDERS,Halle-Vilvoorde,Flemish Brabant,APARTMENT,DUPLEX,319000,residential_sale,2021.0,2,100,USA_HYPER_EQUIPPED,False,False,True,3.0,,,,False,AS_NEW,A,50.8714373,4.0854996
148,,11144611,Jan De Graefstraat,19, 3,2.0,Berchem,2600,FLANDERS,Antwerp,Antwerp,APARTMENT,APARTMENT,215000,residential_sale,1971.0,2,89,SEMI_EQUIPPED,,True,,,,,3.0,,GOOD,C,51.1907223,4.4421494
149,,11144782,Vredegerechtstraat,23, W4,1.0,LOKEREN,9160,FLANDERS,Sint-Niklaas,East Flanders,APARTMENT,APARTMENT,168000,residential_sale,1967.0,2,83,SEMI_EQUIPPED,,False,,,,,2.0,,GOOD,C,51.1123818,3.9823993
150,,11144661,Michel Willemslaan,110, 2v,2.0,WILRIJK,2610,FLANDERS,Antwerp,Antwerp,APARTMENT,APARTMENT,149000,residential_sale,1930.0,1,56,INSTALLED,,False,,,,,,,AS_NEW,C,51.1814436,4.3750415
151,,11146263,Avenue de Selliers de Moranville,31,,1.0,BERCHEM-SAINTE-AGATHE,1082,BRUSSELS,Brussels,Brussels,APARTMENT,APARTMENT,280000,residential_sale,2023.0,1,71,USA_HYPER_EQUIPPED,,False,True,7.0,,,3.0,False,AS_NEW,B,50.868523,4.2911622
152,,11140559,Avenue du Globe,55,,4.0,Forest,1190,BRUSSELS,Brussels,Brussels,APARTMENT,APARTMENT,270000,residential_sale,1965.0,2,92,INSTALLED,,False,True,4.0,,,,False,AS_NEW,E,50.8075484,4.3258636
153,,11143849,Avenue de Tervueren,249,,5.0,Woluwe-Saint-Pierre,1150,BRUSSELS,Brussels,Brussels,APARTMENT,APARTMENT,739000,residential_sale,2024.0,3,135,USA_HYPER_EQUIPPED,False,False,True,10.0,,,2.0,True,AS_NEW,B,50.8358174,4.4133345
154,,11146265,Avenue de Selliers de Moranville,31,,3.0,BERCHEM-SAINTE-AGATHE,1082,BRUSSELS,Brussels,Brussels,APARTMENT,APARTMENT,480000,residential_sale,2023.0,4,121,USA_HYPER_EQUIPPED,,False,True,25.0,,,3.0,False,AS_NEW,B,50.868523,4.2911622
155,,11156616,Heiveldstraat,237,,1.0,Gent Sint-Amandsberg,9040,FLANDERS,Gent,East Flanders,APARTMENT,APARTMENT,385000,residential_sale,1979.0,2,126,INSTALLED,False,False,True,12.0,,,3.0,False,JUST_RENOVATED,B,51.0649028,3.7612397
156,,11154067,Zeedijk,34,,9.0,Middelkerke,8430,FLANDERS,Oostend,West Flanders,APARTMENT,APARTMENT,450000,residential_sale,1976.0,2,80,INSTALLED,False,False,True,10.0,,,2.0,False,AS_NEW,B,51.1913512,2.8228685
157,,11140636,Venelle Bleue,14,,5.0,Woluwe-Saint-Pierre,1150,BRUSSELS,Brussels,Brussels,APARTMENT,APARTMENT,195000,residential_sale,1977.0,1,53,HYPER_EQUIPPED,False,False,True,4.0,,,,False,AS_NEW,E,50.8334543,4.4421338
158,,11133606,Meir,"7, 2.7",,2.0,ANTWERPEN 2000,2000,FLANDERS,Antwerp,Antwerp,APARTMENT,APARTMENT,745000,residential_sale,2004.0,2,180,HYPER_EQUIPPED,,True,True,35.0,,,,,GOOD,A,51.2180888,4.4091154
159,,11150795,Duinenwater,"4,77",,7.0,Knokke-Heist,8300,FLANDERS,Brugge,West Flanders,APARTMENT,APARTMENT,1195000,residential_sale,2023.0,3,140,USA_HYPER_EQUIPPED,False,False,True,42.0,,,2.0,False,AS_NEW,,51.3395163,3.2742775
160,,11136015,Tolpoortstraat,40,,6.0,Deinze,9800,FLANDERS,Gent,East Flanders,APARTMENT,PENTHOUSE,400000,residential_sale,2022.0,2,85,HYPER_EQUIPPED,False,False,True,28.0,,,2.0,False,AS_NEW,A,50.9823065,3.5305868
161,,11153114,Avenue de la Basilique,377,,5.0,Koekelberg,1081,BRUSSELS,Brussels,Brussels,APARTMENT,APARTMENT,260000,residential_sale,1966.0,2,106,,False,False,True,,,,2.0,False,TO_RENOVATE,D,50.8658653,4.3135625
162,,11136017,Tolpoortstraat,40,,5.0,Deinze,9800,FLANDERS,Gent,East Flanders,APARTMENT,APARTMENT,395000,residential_sale,2022.0,2,99,HYPER_EQUIPPED,False,False,True,12.0,,,2.0,False,AS_NEW,A,50.9823065,3.5305868
163,,11135393,Avenue Henri Elleboudt,"9,5",,3.0,Uccle,1180,BRUSSELS,Brussels,Brussels,APARTMENT,PENTHOUSE,850000,residential_sale,1978.0,5,195,HYPER_EQUIPPED,False,False,True,17.0,,,3.0,False,AS_NEW,F,50.8048118,4.346994
164,,11136014,Tolpoortstraat,40,,6.0,Deinze,9800,FLANDERS,Gent,East Flanders,APARTMENT,PENTHOUSE,375000,residential_sale,2022.0,2,82,HYPER_EQUIPPED,False,False,True,28.0,,,2.0,False,AS_NEW,A,50.9823065,3.5305868
165,,11136016,Tolpoortstraat,40,,6.0,Deinze,9800,FLANDERS,Gent,East Flanders,APARTMENT,APARTMENT,270000,residential_sale,2022.0,1,61,HYPER_EQUIPPED,False,False,True,10.0,,,2.0,False,AS_NEW,A,50.9823065,3.5305868
166,,11140876,Egmont Park,11,,3.0,Gavere,9890,FLANDERS,Gent,East Flanders,APARTMENT,APARTMENT,279200,residential_sale,2021.0,1,76,HYPER_EQUIPPED,False,False,True,11.0,,,4.0,False,AS_NEW,,50.9284071,3.679605
167,,11146193,Avenue de Tervueren,13,,4.0,Woluwe-Saint-Lambert,1200,BRUSSELS,Brussels,Brussels,APARTMENT,PENTHOUSE,1150000,residential_sale,1912.0,3,198,USA_HYPER_EQUIPPED,False,False,True,18.0,,,3.0,False,AS_NEW,B,50.8389025,4.3986498
0,,11156811,Rue Jean Volders,260,,,Oupeye,4683,WALLONIE,Liège,Liège,HOUSE,HOUSE,210000,residential_sale,1970.0,3,78,NOT_INSTALLED,False,False,True,12.0,True,399.0,3.0,False,TO_RENOVATE,G,50.7028377,5.6386937
1,,11146581,Rue des Ecoles,47,,,Berloz,4257,WALLONIE,Waremme,Liège,HOUSE,HOUSE,174000,residential_sale,1930.0,2,140,NOT_INSTALLED,False,False,True,5.0,True,787.0,4.0,False,TO_RENOVATE,F,50.7022562,5.2172585
2,,11156621,Achterstraat,228,,,Deinze,9800,FLANDERS,Gent,East Flanders,HOUSE,VILLA,695000,residential_sale,1980.0,3,385,USA_HYPER_EQUIPPED,False,False,True,124.0,True,1811.0,4.0,True,GOOD,E,50.9856681,3.5649778
3,,11146621,Rue de la Boverie,535,,,Seraing,4100,WALLONIE,Liège,Liège,HOUSE,HOUSE,189000,residential_sale,1918.0,2,110,INSTALLED,False,False,True,46.0,True,260.0,2.0,False,GOOD,D,50.5951096,5.5045422
4,,11150049,Rue Horace - Horatiusstraat,10,,,Anderlecht,1070,BRUSSELS,Brussels,Brussels,HOUSE,HOUSE,415000,residential_sale,1926.0,3,107,USA_HYPER_EQUIPPED,,True,True,70.0,True,250.0,3.0,False,JUST_RENOVATED,D,50.8443371,4.2896647
5,,11147395,Leopoldstraat,63, 5V,,ANTWERPEN,2000,FLANDERS,Antwerp,Antwerp,HOUSE,MIXED_USE_BUILDING,167000,residential_sale,1967.0,1,38,SEMI_EQUIPPED,,False,True,3.0,,100.0,2.0,,JUST_RENOVATED,C,51.2133243,4.4074277
6,,11156650,Rue de Waremme,21,,,Berloz,4257,WALLONIE,Waremme,Liège,HOUSE,BUNGALOW,380000,residential_sale,1969.0,4,160,,False,False,True,,True,2430.0,4.0,False,GOOD,F,50.6946022,5.2176614
7,,11151131,ANJELIERENLAAN,10,,,Steenokkerzeel,1820,FLANDERS,Halle-Vilvoorde,Flemish Brabant,HOUSE,HOUSE,475000,residential_sale,1989.0,3,161,INSTALLED,,True,True,,True,721.0,4.0,,GOOD,C,50.9227337,4.5015582
8,,11155545,Maalse Steenweg,482,,,Sint-Kruis,8310,FLANDERS,Brugge,West Flanders,HOUSE,VILLA,995000,residential_sale,1978.0,5,367,HYPER_EQUIPPED,,False,,,True,1455.0,4.0,,GOOD,B,51.2074689,3.2836426
9,,11154117,Avenue du Directoire,73,,,Uccle,1180,BRUSSELS,Brussels,Brussels,HOUSE,HOUSE,670000,residential_sale,1979.0,4,275,INSTALLED,,False,True,18.0,True,284.0,2.0,False,TO_BE_DONE_UP,D,50.7865832,4.3617109
10,,11155234,Rue du roi,1,,,Rixensart,1330,WALLONIE,Nivelles,Walloon Brabant,HOUSE,HOUSE,360000,residential_sale,1860.0,3,225,SEMI_EQUIPPED,False,False,True,12.0,True,479.0,3.0,False,TO_BE_DONE_UP,D,50.7051261,4.5073804
11,,11156812,Avenue de l'Agriculture,117,,,Liège,4030,WALLONIE,Liège,Liège,HOUSE,HOUSE,234000,residential_sale,1961.0,2,130,SEMI_EQUIPPED,False,False,True,38.0,True,236.0,3.0,False,GOOD,D,50.6296431,5.6101569
12,,11156524,Nijverheidsstraat,95,,,Erpe-Mere,9420,FLANDERS,Aalst,East Flanders,HOUSE,HOUSE,395000,residential_sale,2007.0,4,217,HYPER_EQUIPPED,,False,True,,,238.0,2.0,False,AS_NEW,B,50.919114,3.9646584
13,,11156837,Rue Emile Vandervelde,361,,,Beyne-Heusay Bellaire,4610,WALLONIE,Liège,Liège,HOUSE,HOUSE,289900,residential_sale,1933.0,3,140,INSTALLED,False,False,True,22.0,True,185.0,4.0,False,GOOD,G,50.6426168,5.6669736
14,,11150716,Vergoeienveld,3,,,Overijse,3090,FLANDERS,Halle-Vilvoorde,Flemish Brabant,HOUSE,VILLA,849000,residential_sale,1990.0,4,334,USA_INSTALLED,,True,True,35.0,True,875.0,4.0,False,AS_NEW,C,50.7637055,4.5363566
15,,11156775,Place de l'Eglise,3,,,Sainte-Ode,6680,WALLONIE,Bastogne,Luxembourg,HOUSE,MIXED_USE_BUILDING,579000,residential_sale,1900.0,9,884,HYPER_EQUIPPED,False,False,True,,True,5200.0,3.0,False,GOOD,G,50.0531252,5.5107372
16,,11141759,Rue michel botte,76,,,Braine-l'Alleud,1420,WALLONIE,Nivelles,Walloon Brabant,HOUSE,HOUSE,349000,residential_sale,1900.0,3,135,USA_INSTALLED,False,False,True,,True,216.0,2.0,False,JUST_RENOVATED,C,50.6684911,4.3514306
17,,11151111,Franz Merjaystraat,206,,,Uccle,1180,BRUSSELS,Brussels,Brussels,HOUSE,MANSION,1000000,residential_sale,1927.0,6,325,INSTALLED,False,False,True,50.0,True,155.0,2.0,False,TO_BE_DONE_UP,E,50.8141822,4.3517147
18,,11140830,Achilles Musschestraat,47,,,Gent,9000,FLANDERS,Gent,East Flanders,HOUSE,VILLA,735000,residential_sale,1933.0,4,272,INSTALLED,False,False,True,,,430.0,3.0,False,TO_BE_DONE_UP,D,51.0328091,3.7193036
19,,11141224,Rue sur les Thiers,113,R2,,Herstal,4040,WALLONIE,Liège,Liège,HOUSE,HOUSE,299000,residential_sale,1931.0,4,145,USA_INSTALLED,False,False,True,66.0,True,275.0,2.0,True,AS_NEW,A,50.6694204,5.6122958
20,,11147509,Rue des Trois Soeurs,27, A,,Amay,4540,WALLONIE,Huy,Liège,HOUSE,HOUSE,375000,residential_sale,1994.0,3,215,INSTALLED,,True,True,30.0,True,2634.0,4.0,,GOOD,F,50.5587718,5.3096595
21,,11120444,Impasse des Oiseaux,28,,,Charleroi,6020,WALLONIE,Charleroi,Hainaut,HOUSE,HOUSE,99000,residential_sale,1875.0,3,123,SEMI_EQUIPPED,False,False,True,15.0,,238.0,3.0,False,TO_RENOVATE,E,50.4189679,4.4323831
22,,11144033,Brugsesteenweg,252,,,Gent,9000,FLANDERS,Gent,East Flanders,HOUSE,HOUSE,289000,residential_sale,1932.0,3,154,USA_SEMI_EQUIPPED,False,False,,,True,55.0,2.0,False,TO_BE_DONE_UP,D,51.0664781,3.6886469
23,,11144455,Rue Collée,7,,,Angleur,4031,WALLONIE,Liège,Liège,HOUSE,HOUSE,139000,residential_sale,1918.0,3,89,NOT_INSTALLED,,True,True,11.0,,63.0,2.0,False,GOOD,C,50.6108414,5.6014507
24,,11143726,Louise-Mariestraat,32,,,Maarkedal,9680,FLANDERS,Oudenaarde,East Flanders,HOUSE,VILLA,575000,residential_sale,1999.0,4,238,INSTALLED,False,False,True,40.0,True,1588.0,4.0,False,GOOD,D,50.7704121,3.6464851
25,,11143713,Rue Lombièry,7,,,Burdinne,4210,WALLONIE,Huy,Liège,HOUSE,COUNTRY_COTTAGE,450000,residential_sale,1900.0,3,175,INSTALLED,False,False,True,32.0,True,1901.0,4.0,False,AS_NEW,D,50.5803945,5.0730423
26,,11143936,Korte Dolagestraat,40,,,WIJGMAAL,3018,FLANDERS,Leuven,Flemish Brabant,HOUSE,HOUSE,438000,residential_sale,1970.0,4,169,INSTALLED,,False,True,,True,180.0,3.0,,GOOD,E,50.9260178,4.6979659
27,,11143714,Rue Fond de Vaux,3,,,Villers-le-Bouillet,4530,WALLONIE,Huy,Liège,HOUSE,COUNTRY_COTTAGE,180000,residential_sale,1850.0,3,175,SEMI_EQUIPPED,False,False,,,,1200.0,4.0,False,TO_RENOVATE,F,50.6101159,5.2197889
28,,11153143,Avenue Xavier Henrard,35,,,Woluwe-Saint-Pierre,1150,BRUSSELS,Brussels,Brussels,HOUSE,HOUSE,1895000,residential_sale,1950.0,6,290,HYPER_EQUIPPED,False,False,True,,True,700.0,4.0,True,GOOD,E,50.8275519,4.4212435
29,,11154648,Generaal van Merlenstraat,19,,,Antwerp,2600,FLANDERS,Antwerp,Antwerp,HOUSE,HOUSE,770000,residential_sale,1926.0,5,384,USA_INSTALLED,,False,True,20.0,,118.0,2.0,,TO_BE_DONE_UP,C,51.2028058,4.4309811
30,,11155302,Rijksweg,186,,,Wielsbeke,8710,FLANDERS,Tielt,West Flanders,HOUSE,VILLA,420000,residential_sale,1997.0,3,200,SEMI_EQUIPPED,,True,True,,,950.0,4.0,,GOOD,C,50.9101878,3.3823837
31,,11154876,Heembeekstraat,23,,,Vilvoorde,1800,FLANDERS,Halle-Vilvoorde,Flemish Brabant,HOUSE,HOUSE,590000,residential_sale,1971.0,4,260,USA_HYPER_EQUIPPED,False,False,True,30.0,True,370.0,3.0,,GOOD,C,50.9016958,4.3694477
32,,11154869,Rue du Dolberg,1,,,MESSANCY,6780,WALLONIE,Arlon,Luxembourg,HOUSE,HOUSE,200000,residential_sale,1850.0,2,94,SEMI_EQUIPPED,,False,True,15.0,,386.0,3.0,,TO_BE_DONE_UP,F,49.5921897,5.8207357
33,,10994408,Rue De Flandre - Vlaamsesteenweg,27,,,Bruxelles,1000,BRUSSELS,Brussels,Brussels,HOUSE,MIXED_USE_BUILDING,497000,residential_sale,1890.0,3,134,USA_INSTALLED,,False,,,,43.0,2.0,False,AS_NEW,F,50.8512405,4.346897
34,,11146418,Rue du Cortil,7,,,Braives,4260,WALLONIE,Waremme,Liège,HOUSE,EXCEPTIONAL_PROPERTY,780000,residential_sale,2014.0,6,360,HYPER_EQUIPPED,False,False,True,,True,2686.0,4.0,True,AS_NEW,B,50.617223,5.1601283
35,,11155459,Rue de Stalle,178,,,Uccle,1180,BRUSSELS,Brussels,Brussels,HOUSE,MIXED_USE_BUILDING,1000000,residential_sale,1952.0,4,470,USA_HYPER_EQUIPPED,False,False,,,,504.0,2.0,False,AS_NEW,E,50.7960701,4.3266107
36,,11154831,Située à proximité du Bois de Hal à BLA,.,,,Braine-le-Chateau,1440,WALLONIE,Nivelles,Walloon Brabant,HOUSE,VILLA,945000,residential_sale,1969.0,5,240,HYPER_EQUIPPED,False,True,True,,,6863.0,4.0,True,GOOD,E,50.6966021,4.3199053
37,,11154758,A proximité du Bois de Hal,.,,,Braine-l'Alleud,1420,WALLONIE,Nivelles,Walloon Brabant,HOUSE,VILLA,945000,residential_sale,1969.0,5,240,HYPER_EQUIPPED,False,True,True,100.0,,6863.0,4.0,True,GOOD,E,50.6966021,4.3199053
38,,11147947,Chaussée de Waterloo,417,,,Ixelles,1050,BRUSSELS,Brussels,Brussels,HOUSE,EXCEPTIONAL_PROPERTY,999000,residential_sale,1830.0,3,434,USA_INSTALLED,False,False,True,15.0,True,190.0,2.0,False,GOOD,G,50.8215527,4.3560377
39,,11154838,Située à proximité du Bois de Hal à BLA,.,,,Waterloo,1410,WALLONIE,Nivelles,Walloon Brabant,HOUSE,VILLA,945000,residential_sale,1969.0,5,240,HYPER_EQUIPPED,False,True,True,,,6863.0,4.0,True,GOOD,E,50.7121952,4.2694723
40,,11153346,Voetbalstraat,105,,,Gentbrugge,9050,FLANDERS,Gent,East Flanders,HOUSE,HOUSE,530000,residential_sale,1998.0,3,161,USA_HYPER_EQUIPPED,False,False,True,35.0,True,500.0,4.0,False,GOOD,A,51.0311445,3.7699417
41,,11146658,Chaussée de Waterloo,417,,,Ixelles,1050,BRUSSELS,Brussels,Brussels,HOUSE,MIXED_USE_BUILDING,999000,residential_sale,1830.0,3,434,USA_INSTALLED,False,False,True,15.0,True,190.0,2.0,False,GOOD,G,50.8215527,4.3560377
42,,11147360,Chaussée de Bruxelles,18,,,Wemmel,1780,FLANDERS,Halle-Vilvoorde,Flemish Brabant,HOUSE,APARTMENT_BLOCK,725000,residential_sale,1980.0,3,190,INSTALLED,False,False,True,5.0,,200.0,2.0,False,GOOD,B,50.9072031,4.3068515
43,,11146239,Rue des Deux Ponts,10,,,Ixelles,1050,BRUSSELS,Brussels,Brussels,HOUSE,HOUSE,395000,residential_sale,1910.0,3,100,HYPER_EQUIPPED,False,False,,,,48.0,2.0,False,GOOD,D,50.8321838,4.3780254
44,,11148058,Zwaanhoek,"7, A",,,Oudenburg,8460,FLANDERS,Oostend,West Flanders,HOUSE,HOUSE,633000,residential_sale,2005.0,4,254,INSTALLED,,True,True,,,448.0,4.0,,GOOD,C,51.189377,2.99764
45,,11135545,Steenweg Op Aalst,127,,,Zottegem,9620,FLANDERS,Aalst,East Flanders,HOUSE,VILLA,645000,residential_sale,1976.0,4,272,INSTALLED,False,False,True,26.0,True,2627.0,4.0,,GOOD,E,50.8978177,3.8333949
46,,11115195,Rue de Huy,8,,,Hannut,4280,WALLONIE,Waremme,Liège,HOUSE,MANSION,550000,residential_sale,1919.0,5,433,,False,False,True,,True,1413.0,2.0,False,GOOD,C,50.6674889,5.0861767
47,,11115192,Rue de Huy,8,,,Hannut,4280,WALLONIE,Waremme,Liège,HOUSE,MANSION,400000,residential_sale,1919.0,4,343,,False,False,True,,True,1413.0,2.0,False,GOOD,C,50.6674889,5.0861767
48,,11146779,Rue de la Violette,8,,,Graide,5555,WALLONIE,Dinant,Namur,HOUSE,HOUSE,159000,residential_sale,1970.0,3,143,NOT_INSTALLED,,True,,,,120.0,3.0,,GOOD,C,49.9504826,5.0644021
49,,11135548,Rotterij,282,,,Ronse,9600,FLANDERS,Oudenaarde,East Flanders,HOUSE,VILLA,259000,residential_sale,1959.0,3,165,SEMI_EQUIPPED,False,False,True,30.0,True,674.0,3.0,False,TO_RENOVATE,E,50.7419271,3.633878
50,,11156424,du Village,29,,,Welkenraedt Henri-Chapelle,4841,WALLONIE,Verviers,Liège,HOUSE,HOUSE,890000,residential_sale,1856.0,5,547,INSTALLED,,False,True,,,1685.0,4.0,False,TO_BE_DONE_UP,C,50.669138,5.9271962
51,,11149725,Edouard Lacomblélaan,24,,,Woluwe-Saint-Pierre,1150,BRUSSELS,Brussels,Brussels,HOUSE,APARTMENT_BLOCK,1399000,residential_sale,1956.0,8,550,INSTALLED,False,False,True,28.0,True,469.0,3.0,False,GOOD,F,50.8318278,4.4095438
52,,11149707,Edouard Lacomblélaan,24,,,Etterbeek,1040,BRUSSELS,Brussels,Brussels,HOUSE,APARTMENT_BLOCK,1399000,residential_sale,1956.0,8,550,INSTALLED,False,False,True,28.0,True,469.0,3.0,False,GOOD,F,50.8318278,4.4095438
53,,11149134,Avenue Nouvelle,33,,,Etterbeek,1040,BRUSSELS,Brussels,Brussels,HOUSE,APARTMENT_BLOCK,1190000,residential_sale,1909.0,5,400,INSTALLED,False,False,True,10.0,True,210.0,2.0,False,TO_BE_DONE_UP,G,50.8293698,4.3813154
54,,11139442,Rue des Roses,1,,,SELANGE,6781,WALLONIE,Arlon,Luxembourg,HOUSE,HOUSE,420000,residential_sale,1966.0,5,200,INSTALLED,,False,True,29.0,,1019.0,4.0,False,GOOD,G,49.6081571,5.8503305
55,,11149726,Franz Merjaystraat,206,,,Uccle,1180,BRUSSELS,Brussels,Brussels,HOUSE,APARTMENT_BLOCK,1000000,residential_sale,1927.0,6,325,INSTALLED,False,False,True,50.0,True,155.0,2.0,False,TO_BE_DONE_UP,E,50.8141822,4.3517147
56,,11149131,Avenue Van Volxem,397,,,Forest,1190,BRUSSELS,Brussels,Brussels,HOUSE,MIXED_USE_BUILDING,690000,residential_sale,1904.0,4,700,USA_HYPER_EQUIPPED,False,False,True,90.0,,271.0,2.0,False,TO_RENOVATE,G,50.8261334,4.3270263
57,,11144467,Rue des Grands Prés,262,,,CHÊNÉE,4032,WALLONIE,Liège,Liège,HOUSE,HOUSE,85000,residential_sale,1960.0,3,140,NOT_INSTALLED,,False,True,13.0,True,149.0,,False,TO_RENOVATE,C,50.6049244,5.6235864
58,,11154075,Place La Vaux,6,,,Xhoris,4190,WALLONIE,Huy,Liège,HOUSE,HOUSE,238000,residential_sale,1875.0,3,161,SEMI_EQUIPPED,False,False,True,,,237.0,3.0,False,TO_BE_DONE_UP,D,50.4441209,5.6020715
59,,11149928,Brandstraat,75,,,Sint-Martens-Latem,9830,FLANDERS,Gent,East Flanders,HOUSE,HOUSE,595000,residential_sale,1961.0,2,124,USA_HYPER_EQUIPPED,False,False,,,True,386.0,3.0,False,JUST_RENOVATED,B,51.0056338,3.6236227
60,,11140491,Ter Tommenstraat,3,,,Edegem,2650,FLANDERS,Antwerp,Antwerp,HOUSE,HOUSE,1545000,residential_sale,1970.0,4,360,HYPER_EQUIPPED,,True,,,True,703.0,4.0,,JUST_RENOVATED,B,51.1639134,4.426546
61,,11154508,Quartier St-John's,.,,,Waterloo,1410,WALLONIE,Nivelles,Walloon Brabant,HOUSE,VILLA,1750000,residential_sale,2008.0,4,575,HYPER_EQUIPPED,False,True,True,38.0,True,2495.0,4.0,,AS_NEW,B,50.7047021,4.4150871
62,,11140957,Kanakkendries,29A,,,Brakel,9660,FLANDERS,Oudenaarde,East Flanders,HOUSE,HOUSE,349000,residential_sale,1986.0,3,135,INSTALLED,False,False,True,,True,1198.0,4.0,True,GOOD,C,50.8050313,3.7181691
63,,11142084,Montebellostraat,2, 207,,ANTWERPEN,2018,FLANDERS,Antwerp,Antwerp,HOUSE,MIXED_USE_BUILDING,187000,residential_sale,1970.0,1,42,INSTALLED,,False,True,7.0,,869.0,2.0,,AS_NEW,B,51.2081873,4.4082537
64,,11140956,Stationsstraat,40,,,Ronse,9600,FLANDERS,Oudenaarde,East Flanders,HOUSE,MIXED_USE_BUILDING,265000,residential_sale,1930.0,2,234,HYPER_EQUIPPED,False,False,True,27.0,,133.0,2.0,False,AS_NEW,C,50.7431167,3.601514
65,,11133752,Bloemestraat,46,E,,Maldegem,9990,FLANDERS,Eeklo,East Flanders,HOUSE,VILLA,624000,residential_sale,1996.0,2,310,USA_HYPER_EQUIPPED,False,False,True,,,4153.0,4.0,False,GOOD,C,51.2138877,3.4544269
66,,11140920,Zonder-Naamstraat,28 - 30,,,Gent,9000,FLANDERS,Gent,East Flanders,HOUSE,HOUSE,550000,residential_sale,1850.0,7,340,USA_HYPER_EQUIPPED,False,False,True,21.0,,151.0,2.0,False,GOOD,B,51.0575744,3.7353456
67,,11140919,Klakvijverstraat,86,,,Geraardsbergen Grimminge,9506,FLANDERS,Aalst,East Flanders,HOUSE,VILLA,699000,residential_sale,1958.0,5,256,INSTALLED,False,False,True,45.0,True,3828.0,4.0,False,AS_NEW,E,50.7917936,3.9343295
68,,11134745,Hanenbosweg,59,,,Beersel,1653,FLANDERS,Halle-Vilvoorde,Flemish Brabant,HOUSE,TOWN_HOUSE,499000,residential_sale,1979.0,3,160,HYPER_EQUIPPED,False,False,True,25.0,True,1382.0,2.0,False,GOOD,F,50.736537,4.2881229
69,,11140536,André Waucquezlaan,35,,,Dilbeek,1700,FLANDERS,Halle-Vilvoorde,Flemish Brabant,HOUSE,VILLA,449000,residential_sale,1962.0,4,130,NOT_INSTALLED,False,False,True,15.0,True,433.0,4.0,False,TO_RENOVATE,F,50.8482104,4.2803659
70,,11142295,Rue théodore bekaert,25,,,Anderlecht,1070,BRUSSELS,Brussels,Brussels,HOUSE,HOUSE,389000,residential_sale,1940.0,6,235,SEMI_EQUIPPED,False,False,,,True,80.0,2.0,False,TO_RENOVATE,G,50.8297509,4.3057016
71,,11134252,Molendal,13,,,Dilbeek,1700,FLANDERS,Halle-Vilvoorde,Flemish Brabant,HOUSE,VILLA,469000,residential_sale,1971.0,2,198,HYPER_EQUIPPED,,False,True,6.0,True,571.0,4.0,False,JUST_RENOVATED,D,50.8437415,4.2522284
72,,11134170,Rue Joseph Wettinck,54,,,Seraing,4101,WALLONIE,Liège,Liège,HOUSE,MIXED_USE_BUILDING,209900,residential_sale,1850.0,3,200,NOT_INSTALLED,False,False,,,,510.0,2.0,False,JUST_RENOVATED,G,50.6151437,5.5014799
73,,11134158,Rue de Tongres,99,,,Oupeye,4684,WALLONIE,Liège,Liège,HOUSE,BUNGALOW,199000,residential_sale,1990.0,2,81,INSTALLED,True,False,True,19.0,True,333.0,3.0,False,TO_BE_DONE_UP,G,50.7399799,5.6666422
74,,11156901,Rue Octave Lotin,81,,,Chastre,1450,WALLONIE,Nivelles,Walloon Brabant,HOUSE,HOUSE,450000,residential_sale,1954.0,4,219,USA_SEMI_EQUIPPED,False,False,True,100.0,True,1330.0,3.0,False,GOOD,B,50.5804201,4.641935
75,,11134157,Millerweg,26,,,Tongeren,3700,FLANDERS,Tongeren,Limburg,HOUSE,HOUSE,169000,residential_sale,1930.0,4,165,INSTALLED,False,False,True,19.0,True,442.0,3.0,False,GOOD,F,50.7664209,5.5333642
76,,10825023,Rue de la Petite-Cornée,18,,,Bertrix,6880,WALLONIE,Neufchâteau,Luxembourg,HOUSE,HOUSE,229900,residential_sale,1850.0,5,181,INSTALLED,False,False,,,True,222.0,3.0,False,GOOD,D,49.8616344,5.2523001
77,,11151756,Située à Soignies,.,,,Braine-le-Comte,7090,WALLONIE,Soignies,Hainaut,HOUSE,VILLA,695000,residential_sale,1768.0,8,890,HYPER_EQUIPPED,False,True,True,,True,3143.0,4.0,,GOOD,C,50.576408,4.0708753
78,,11156771,Avenue des Combattants,168,,,Genappe Bousval,1470,WALLONIE,Nivelles,Walloon Brabant,HOUSE,HOUSE,395000,residential_sale,2014.0,4,194,,False,False,True,46.0,True,306.0,3.0,False,AS_NEW,B,50.6182024,4.5156891
79,,11151904,Sint-Rochusstraat,221 - GLV,,,DEURNE,2100,FLANDERS,Antwerp,Antwerp,HOUSE,MIXED_USE_BUILDING,800000,residential_sale,1935.0,3,223,INSTALLED,,False,,,True,722.0,2.0,,JUST_RENOVATED,B,51.2041606,4.4639305
80,,11144209,Place alphonse favresse,47,,,La Hulpe,1310,WALLONIE,Nivelles,Walloon Brabant,HOUSE,HOUSE,645000,residential_sale,1920.0,5,343,SEMI_EQUIPPED,,False,True,,,321.0,2.0,False,GOOD,E,50.7377106,4.4958504
81,,11149361,Rue Hainchamps,72,,,Seraing,4100,WALLONIE,Liège,Liège,HOUSE,HOUSE,179000,residential_sale,1918.0,3,95,INSTALLED,False,False,True,10.0,True,80.0,2.0,False,GOOD,C,50.6010798,5.5079399
82,,11143776,Avenue des Pagodes,386,,,Laeken,1020,BRUSSELS,Brussels,Brussels,HOUSE,HOUSE,750000,residential_sale,1939.0,6,360,INSTALLED,False,False,True,20.0,True,350.0,2.0,False,AS_NEW,F,50.8956376,4.361002
83,,11138017,Plaatsstraat,2,,,Galmaarden,1570,FLANDERS,Halle-Vilvoorde,Flemish Brabant,HOUSE,HOUSE,199000,residential_sale,1950.0,3,308,HYPER_EQUIPPED,,False,,,,600.0,4.0,,TO_RENOVATE,F,50.7416777,4.0052618
84,,11143821,Rue de Nivelles,61,,,Rixensart,1330,WALLONIE,Nivelles,Walloon Brabant,HOUSE,HOUSE,595000,residential_sale,1973.0,4,209,USA_SEMI_EQUIPPED,False,False,True,10.0,,1160.0,4.0,False,TO_BE_DONE_UP,F,50.7022329,4.5134398
85,,11151732,Située à Soignies,.,,,Soignies,7060,WALLONIE,Soignies,Hainaut,HOUSE,HOUSE,695000,residential_sale,1768.0,8,890,HYPER_EQUIPPED,False,True,True,,True,3143.0,4.0,,GOOD,C,50.5777389,4.0573135
86,,11135086,Hanenbosweg,59,,,Beersel,1653,FLANDERS,Halle-Vilvoorde,Flemish Brabant,HOUSE,TOWN_HOUSE,379000,residential_sale,1979.0,3,160,HYPER_EQUIPPED,False,False,True,35.0,True,650.0,2.0,False,GOOD,F,50.736537,4.2881229
87,,11024429,Rue de Bouillon,16,,,Paliseul,6850,WALLONIE,Neufchâteau,Luxembourg,HOUSE,HOUSE,269000,residential_sale,1938.0,3,170,INSTALLED,,True,True,,True,879.0,4.0,,GOOD,E,49.8949076,5.116873
88,,11150854,Chaussée de Ramioul,223,,,FLÉMALLE,4400,WALLONIE,Liège,Liège,HOUSE,HOUSE,205000,residential_sale,1956.0,2,136,SEMI_EQUIPPED,,True,True,30.0,,140.0,3.0,,GOOD,F,50.5830107,5.4242052
89,,11150855,Chaussée de Ramioul,223,,,FLÉMALLE,4400,WALLONIE,Liège,Liège,HOUSE,APARTMENT_BLOCK,205000,residential_sale,1956.0,2,136,SEMI_EQUIPPED,,True,True,30.0,,140.0,3.0,,GOOD,F,50.5830107,5.4242052
90,,11149661,Venelle de l'Alchimiste,14,,,Bruxelles,1120,BRUSSELS,Brussels,Brussels,HOUSE,HOUSE,690000,residential_sale,2002.0,6,240,,False,False,True,50.0,True,356.0,3.0,False,GOOD,D,50.8978603,4.3947661
91,,11149566,Avenue des Croix du Feu,203,,,Laeken,1020,BRUSSELS,Brussels,Brussels,HOUSE,APARTMENT_BLOCK,795000,residential_sale,1937.0,6,300,INSTALLED,False,False,True,15.0,True,185.0,2.0,False,GOOD,D,50.8931962,4.3644508
92,,11149315,Avenue des Edelweiss,4,,,Anderlecht,1070,BRUSSELS,Brussels,Brussels,HOUSE,HOUSE,445000,residential_sale,1970.0,3,143,HYPER_EQUIPPED,False,False,True,,True,186.0,2.0,False,AS_NEW,E,50.8166167,4.2842514
93,,11145309,Kaardijk,96,,,Ruisbroek,2870,FLANDERS,Mechelen,Antwerp,HOUSE,HOUSE,394000,residential_sale,1992.0,2,184,HYPER_EQUIPPED,,True,True,25.0,True,300.0,3.0,,GOOD,E,51.0843302,4.3360215
94,,11139697,Clos du Drossart,25,,,Uccle,1180,BRUSSELS,Brussels,Brussels,HOUSE,HOUSE,850000,residential_sale,1974.0,5,330,USA_HYPER_EQUIPPED,False,False,True,20.0,True,247.0,2.0,False,AS_NEW,D,50.7934845,4.3547596
95,,11137925,Onderstraat,39,,,Gavere,9890,FLANDERS,Gent,East Flanders,HOUSE,HOUSE,510000,residential_sale,1973.0,3,430,USA_HYPER_EQUIPPED,False,False,True,50.0,True,309.0,2.0,False,TO_BE_DONE_UP,C,50.9304044,3.6601089
96,,11152288,Vloerstraat,67,,,HERENT,3020,FLANDERS,Leuven,Flemish Brabant,HOUSE,HOUSE,425000,residential_sale,1974.0,5,250,INSTALLED,,False,True,30.0,True,1580.0,3.0,,GOOD,C,50.9163143,4.6794646
97,,11152762,Emiel Lossystraat,59,,,SINT-AMANDSBERG,9040,FLANDERS,Gent,East Flanders,HOUSE,HOUSE,295000,residential_sale,1936.0,3,127,INSTALLED,,False,True,15.0,,201.0,2.0,,TO_BE_DONE_UP,D,51.0492977,3.7599721
98,,11137923,Braambezielaan,10,,,Gent Wondelgem,9032,FLANDERS,Gent,East Flanders,HOUSE,HOUSE,418000,residential_sale,1986.0,3,143,USA_HYPER_EQUIPPED,False,False,True,25.0,True,261.0,2.0,False,AS_NEW,D,51.0800218,3.7027816
99,,11080049,Chaussée de Mons,747,,,Anderlecht,1070,BRUSSELS,Brussels,Brussels,HOUSE,HOUSE,380000,residential_sale,1918.0,5,147,INSTALLED,False,False,True,10.0,,91.0,2.0,False,TO_BE_DONE_UP,F,50.8299256,4.3071012
100,,11132404,Rue de Sart,76,,,COURT-SAINT-ETIENNE,1490,WALLONIE,Nivelles,Walloon Brabant,HOUSE,HOUSE,595000,residential_sale,1980.0,4,200,INSTALLED,False,True,True,70.0,True,1333.0,4.0,,JUST_RENOVATED,D,50.6244586,4.5627382
101,,11131307,Olmenstraat,76,,,Zaventem,1930,FLANDERS,Halle-Vilvoorde,Flemish Brabant,HOUSE,HOUSE,349000,residential_sale,1952.0,4,147,HYPER_EQUIPPED,False,False,True,20.0,True,179.0,2.0,False,JUST_RENOVATED,C,50.8920373,4.4652467
102,,11139236,Lindanusstraat,39,,,Dendermonde,9200,FLANDERS,Dendermonde,East Flanders,HOUSE,MANSION,449000,residential_sale,1919.0,5,301,,,True,,,True,215.0,2.0,,TO_BE_DONE_UP,E,51.0284841,4.1032699
103,,11131905,Koning Boudewijnlaan,77,,,Dendermonde,9200,FLANDERS,Dendermonde,East Flanders,HOUSE,HOUSE,324900,residential_sale,1964.0,2,128,INSTALLED,,True,True,45.0,True,317.0,2.0,,GOOD,B,51.0351704,4.0856204
104,,11130919,Bredestraat,247,,,Ronse,9600,FLANDERS,Oudenaarde,East Flanders,HOUSE,HOUSE,265000,residential_sale,1946.0,3,169,INSTALLED,False,False,True,27.0,,100.0,2.0,False,AS_NEW,C,50.7477588,3.6156619
105,,11156127,De Vroente,46,,,Brasschaat,2930,FLANDERS,Antwerp,Antwerp,HOUSE,HOUSE,379000,residential_sale,1938.0,2,215,INSTALLED,,True,True,,True,361.0,2.0,,TO_BE_DONE_UP,F,51.29504,4.4482871
106,,11153359,Rue de Rocourt,119,,,Liège,4000,WALLONIE,Liège,Liège,HOUSE,HOUSE,290000,residential_sale,1956.0,3,132,USA_HYPER_EQUIPPED,,False,True,24.0,True,224.0,2.0,False,GOOD,D,50.6597739,5.564159
107,,11132583,Avenue de la Vecquée,48,,,Neupré,4121,WALLONIE,Liège,Liège,HOUSE,HOUSE,259000,residential_sale,1964.0,3,167,INSTALLED,False,False,True,20.0,True,601.0,3.0,False,GOOD,E,50.5485154,5.4885732
108,,11130920,Aatstraat,84,,,Ronse,9600,FLANDERS,Oudenaarde,East Flanders,HOUSE,HOUSE,249000,residential_sale,1953.0,3,156,INSTALLED,False,False,,,True,555.0,3.0,False,TO_BE_DONE_UP,F,50.7403801,3.6094447
109,,11114313,Schouwingstraat,22,,,Gent,9032,FLANDERS,Gent,East Flanders,HOUSE,HOUSE,395000,residential_sale,,3,155,INSTALLED,,False,,,True,89.0,3.0,False,JUST_RENOVATED,B,51.1002709,3.7119213
110,,11153109,Frans Vanfraechemlaan,9,,,Tervuren,3080,FLANDERS,Leuven,Flemish Brabant,HOUSE,VILLA,825000,residential_sale,1975.0,6,295,INSTALLED,False,False,True,,,1362.0,4.0,False,GOOD,C,50.8393085,4.5408751
111,,11153604,Rue de Jupille,27,,,Beyne-Heusay,4610,WALLONIE,Liège,Liège,HOUSE,HOUSE,159000,residential_sale,1918.0,2,70,INSTALLED,False,False,True,9.0,,90.0,2.0,False,GOOD,E,50.623819,5.6522808
112,,11154145,Molenstraat,15,,,Outrijve,8582,FLANDERS,Kortrijk,West Flanders,HOUSE,HOUSE,269500,residential_sale,1969.0,3,140,INSTALLED,,True,True,,,188.0,3.0,,GOOD,C,50.7586842,3.427886
113,,11135101,Rue du Chêne,203,,,Seraing,4100,WALLONIE,Liège,Liège,HOUSE,MIXED_USE_BUILDING,329000,residential_sale,1900.0,5,110,NOT_INSTALLED,False,False,True,45.0,True,1640.0,2.0,False,TO_RENOVATE,E,50.6013668,5.5164525
114,,11146420,Rotterij,284,,,Ronse,9600,FLANDERS,Oudenaarde,East Flanders,HOUSE,VILLA,249000,residential_sale,1959.0,3,167,SEMI_EQUIPPED,False,False,True,20.0,True,653.0,3.0,False,TO_RENOVATE,F,50.741744,3.63402
115,,11155388,Reigerput,13,,,Waregem,8790,FLANDERS,Kortrijk,West Flanders,HOUSE,VILLA,445000,residential_sale,1985.0,3,145,INSTALLED,,False,,,True,534.0,,,AS_NEW,C,50.865792,3.3489764
116,,11146097,Steenweg naar Oudegem,101,,,Gijzegem,9308,FLANDERS,Aalst,East Flanders,HOUSE,HOUSE,369000,residential_sale,1930.0,3,217,INSTALLED,False,False,True,,,2322.0,3.0,False,TO_BE_DONE_UP,F,50.98266,4.0496187
117,,11143179,Spoorwegstraat,28,,,SCHELLEBELLE,9260,FLANDERS,Dendermonde,East Flanders,HOUSE,EXCEPTIONAL_PROPERTY,305000,residential_sale,1923.0,3,182,SEMI_EQUIPPED,,True,True,25.0,True,825.0,4.0,False,TO_RENOVATE,F,51.0031042,3.9275062
118,,11155386,Reigerput,13,,,Deerlijk,8540,FLANDERS,Kortrijk,West Flanders,HOUSE,VILLA,445000,residential_sale,1985.0,3,145,INSTALLED,,False,,,True,534.0,,,AS_NEW,C,50.865792,3.3489764
119,,11150313,Val au Bois,38,,,Kraainem,1950,FLANDERS,Halle-Vilvoorde,Flemish Brabant,HOUSE,VILLA,1025000,residential_sale,1978.0,4,225,HYPER_EQUIPPED,False,False,True,40.0,True,1554.0,4.0,,GOOD,C,50.8288926,4.4785422
120,,10949380,Rue Saint Aubin,70,,,Malmedy,4960,WALLONIE,Verviers,Liège,HOUSE,VILLA,495000,residential_sale,2012.0,3,243,INSTALLED,False,False,True,,,2208.0,4.0,False,GOOD,B,50.396538,6.0043612
121,,11108163,Steenweg naar Oudegem,101,,,Gijzegem,9308,FLANDERS,Aalst,East Flanders,HOUSE,HOUSE,369000,residential_sale,1930.0,3,217,INSTALLED,False,False,True,,,2322.0,3.0,False,TO_BE_DONE_UP,F,50.98266,4.0496187
122,,11140955,Opgeëistenstraat,91,,,Ronse,9600,FLANDERS,Oudenaarde,East Flanders,HOUSE,HOUSE,109000,residential_sale,1925.0,3,137,SEMI_EQUIPPED,False,False,,,True,110.0,2.0,False,TO_RENOVATE,F,50.7528328,3.5917846
123,,11155492,Adegemstraat,38,,,Mechelen,2800,FLANDERS,Mechelen,Antwerp,HOUSE,HOUSE,299000,residential_sale,1919.0,7,300,SEMI_EQUIPPED,,False,,,,111.0,,,TO_RENOVATE,E,51.0259311,4.4753163
124,,11136541,Chaussee d'Alsemberg,92,,,Braine-l'Alleud,1420,WALLONIE,Nivelles,Walloon Brabant,HOUSE,APARTMENT_BLOCK,420000,residential_sale,1930.0,3,195,SEMI_EQUIPPED,False,False,True,6.0,True,290.0,2.0,False,GOOD,D,50.6872132,4.369077
125,,11125957,David Teniersstraat,6,,,Ronse,9600,FLANDERS,Oudenaarde,East Flanders,HOUSE,HOUSE,119000,residential_sale,1930.0,3,126,SEMI_EQUIPPED,False,False,True,8.0,True,230.0,2.0,False,TO_RENOVATE,F,50.7410728,3.6009276
126,,11154498,Avenue Eugène Plasky,165,,,SCHAERBEEK,1030,BRUSSELS,Brussels,Brussels,HOUSE,HOUSE,648000,residential_sale,1939.0,4,240,INSTALLED,,True,True,20.0,True,165.0,,,TO_BE_DONE_UP,F,50.8530034,4.3977122
127,,11155385,Reigerput,13,,,Beveren-Leie,8791,FLANDERS,Kortrijk,West Flanders,HOUSE,VILLA,445000,residential_sale,1985.0,3,145,INSTALLED,,False,,,True,534.0,,,AS_NEW,C,50.865792,3.3489764
128,,10820901,Rue de Trisogne,15,D,,Ciney,5590,WALLONIE,Dinant,Namur,HOUSE,VILLA,370000,residential_sale,2023.0,4,191,NOT_INSTALLED,False,False,True,,,736.0,3.0,,AS_NEW,A,50.28186,5.1678391
129,,11154497,Avenue Eugène Plasky,165,,,SCHAERBEEK,1030,BRUSSELS,Brussels,Brussels,HOUSE,APARTMENT_BLOCK,648000,residential_sale,1939.0,4,240,INSTALLED,,True,True,20.0,True,165.0,,,TO_BE_DONE_UP,F,50.8530034,4.3977122
130,,11136542,Chaussee d'Alsemberg,92,,,Braine-l'Alleud,1420,WALLONIE,Nivelles,Walloon Brabant,HOUSE,HOUSE,420000,residential_sale,1930.0,3,195,SEMI_EQUIPPED,False,False,True,6.0,True,290.0,2.0,False,GOOD,D,50.6872132,4.369077
131,,11136937,Heuvelstraat,41,,,MOERBEKE,9500,FLANDERS,Aalst,East Flanders,HOUSE,HOUSE,259000,residential_sale,1950.0,3,230,SEMI_EQUIPPED,,True,True,,,600.0,4.0,,TO_RENOVATE,C,50.7501937,3.9132423
132,,11136941,Kieverstraat,19,,,Kluisbergen,9690,FLANDERS,Oudenaarde,East Flanders,HOUSE,HOUSE,245000,residential_sale,1962.0,3,185,SEMI_EQUIPPED,,True,True,,,750.0,3.0,,TO_RENOVATE,F,50.7824193,3.5133465
133,,11135894,Rue Large,182,,,NESSONVAUX,4870,WALLONIE,Liège,Liège,HOUSE,HOUSE,199000,residential_sale,1960.0,4,153,INSTALLED,,False,True,8.0,,70.0,2.0,False,AS_NEW,D,50.5728287,5.7373514
134,,11128291,Venelle de Saint-Job,5,,,Uccle,1180,BRUSSELS,Brussels,Brussels,HOUSE,HOUSE,650000,residential_sale,2006.0,4,174,HYPER_EQUIPPED,,False,True,10.0,True,110.0,2.0,False,AS_NEW,C,50.7938001,4.3646187
135,,11129774,Avenue des Boignees,22,,,Braine-le-Chateau,1440,WALLONIE,Nivelles,Walloon Brabant,HOUSE,HOUSE,445000,residential_sale,1973.0,4,161,HYPER_EQUIPPED,False,False,True,68.0,True,1740.0,4.0,False,GOOD,G,50.6779722,4.3002552
136,,11128275,Wuytslei,2/4,,,Antwerpen Merksem,2170,FLANDERS,Antwerp,Antwerp,HOUSE,MIXED_USE_BUILDING,429900,residential_sale,1919.0,3,210,INSTALLED,False,False,,,,65.0,2.0,False,GOOD,D,51.2437431,4.4433718
137,,11128936,Chemin du Long Cerisier,14,,,Walhain,1457,WALLONIE,Nivelles,Walloon Brabant,HOUSE,VILLA,399000,residential_sale,2007.0,3,158,INSTALLED,False,False,True,41.0,,1921.0,4.0,False,TO_BE_DONE_UP,C,50.6137372,4.7148876
138,,11128213,Kasterstraat,72,,,Wetteren,9230,FLANDERS,Dendermonde,East Flanders,HOUSE,HOUSE,249000,residential_sale,1935.0,2,90,INSTALLED,False,False,True,,,90.0,2.0,False,GOOD,B,51.0114101,3.8848528
139,,11128403,Elzeelsesteenweg,85,,,Ronse,9600,FLANDERS,Oudenaarde,East Flanders,HOUSE,HOUSE,245000,residential_sale,1925.0,3,112,INSTALLED,False,False,True,10.0,True,83.0,2.0,False,AS_NEW,B,50.7427944,3.6141025
140,,11151490,Koning Albertstraat,25,,,Mechelen,2800,FLANDERS,Mechelen,Antwerp,HOUSE,HOUSE,485000,residential_sale,1963.0,3,163,INSTALLED,,True,,,True,1049.0,4.0,,GOOD,D,51.0639988,4.458272
141,,11152296,WATERLELIESTRAAT,5,,,Bonheiden,2820,FLANDERS,Mechelen,Antwerp,HOUSE,HOUSE,485000,residential_sale,1986.0,3,183,INSTALLED,,True,True,12.0,True,1295.0,4.0,,GOOD,F,51.0095096,4.5941163
142,,11128858,Rue du Moulin,257,,,Liège,4020,WALLONIE,Liège,Liège,HOUSE,HOUSE,139000,residential_sale,1930.0,2,97,SEMI_EQUIPPED,,True,True,22.0,,81.0,2.0,False,TO_BE_DONE_UP,F,50.6432758,5.6043597
143,,11149362,Rue Rouffa,82,,,Flemalle,4400,WALLONIE,Liège,Liège,HOUSE,HOUSE,139000,residential_sale,,4,130,SEMI_EQUIPPED,False,False,True,10.0,True,92.0,2.0,False,TO_RENOVATE,E,50.5901415,5.4690109
144,,11144326,Avenue Sainte-Alix,31,,,Sint-Pieters-Woluwe,1150,BRUSSELS,Brussels,Brussels,HOUSE,HOUSE,649000,residential_sale,1955.0,4,175,INSTALLED,False,False,True,6.0,True,114.0,2.0,False,GOOD,E,50.8284984,4.4603389
145,,11138005,Rue du Baron Poncelet,8,,,Paliseul,6850,WALLONIE,Neufchâteau,Luxembourg,HOUSE,HOUSE,349000,residential_sale,1800.0,6,351,USA_SEMI_EQUIPPED,False,False,True,30.0,,2116.0,4.0,False,GOOD,C,49.8876195,5.1757747
146,,11149500,Diagorasstraat,26,,,Marke,8510,FLANDERS,Kortrijk,West Flanders,HOUSE,VILLA,545000,residential_sale,1978.0,3,130,INSTALLED,,True,True,,,684.0,4.0,,GOOD,C,50.8002588,3.2186788
147,,11031814,Rue des Ateliers,14,,,HALANZY,6792,WALLONIE,Arlon,Luxembourg,HOUSE,HOUSE,499000,residential_sale,2004.0,5,200,,,False,,,,834.0,4.0,,TO_BE_DONE_UP,C,49.5591517,5.7346036
148,,11137882,Henriette Chaumatstraat,33,,,Deinze,9800,FLANDERS,Gent,East Flanders,HOUSE,VILLA,399500,residential_sale,2024.0,3,123,USA_HYPER_EQUIPPED,False,False,True,,,168.0,3.0,False,AS_NEW,,50.9818836,3.5742446
149,,11149072,Rue du Sècheron,21,,,Courcelles,6180,WALLONIE,Charleroi,Hainaut,HOUSE,HOUSE,249000,residential_sale,1960.0,3,154,INSTALLED,False,False,True,20.0,True,330.0,3.0,False,GOOD,C,50.4600128,4.3682624
150,,11148841,Ninoofsesteenweg,215,,,Lennik,1750,FLANDERS,Halle-Vilvoorde,Flemish Brabant,HOUSE,BUNGALOW,375000,residential_sale,1985.0,2,156,INSTALLED,False,False,,,True,699.0,4.0,,TO_BE_DONE_UP,F,50.8336474,4.1261843
151,,11153889,Kloosterstraat,67A,,,Zottegem,9620,FLANDERS,Aalst,East Flanders,HOUSE,HOUSE,555780,residential_sale,2024.0,3,205,USA_HYPER_EQUIPPED,False,False,True,24.0,True,366.0,3.0,False,AS_NEW,A,50.8511891,3.8196985
152,,11153887,Kloosterstraat,67A,,,Zottegem,9620,FLANDERS,Aalst,East Flanders,HOUSE,HOUSE,580500,residential_sale,2024.0,3,228,USA_HYPER_EQUIPPED,False,False,True,22.0,True,402.0,3.0,False,AS_NEW,A,50.8511891,3.8196985
153,,11153883,Kloosterstraat,67A,,,Zottegem,9620,FLANDERS,Aalst,East Flanders,HOUSE,HOUSE,546400,residential_sale,2024.0,3,194,USA_HYPER_EQUIPPED,False,False,True,22.0,True,285.0,3.0,False,AS_NEW,A,50.8511891,3.8196985
154,,11153886,Kloosterstraat,67A,,,Zottegem,9620,FLANDERS,Aalst,East Flanders,HOUSE,HOUSE,485820,residential_sale,2024.0,4,188,USA_HYPER_EQUIPPED,False,False,True,22.0,True,299.0,3.0,False,AS_NEW,A,50.8511891,3.8196985
155,,10858077,Rue Colson,54,,,Seraing,4100,WALLONIE,Liège,Liège,HOUSE,HOUSE,89000,residential_sale,1954.0,1,54,SEMI_EQUIPPED,False,False,True,18.0,,40.0,2.0,False,GOOD,F,50.6022441,5.5126552
156,,11009333,Rue Grande Commune,4,,,Seraing,4102,WALLONIE,Liège,Liège,HOUSE,HOUSE,109500,residential_sale,1919.0,2,105,NOT_INSTALLED,False,False,,,,46.0,2.0,False,TO_RENOVATE,E,50.5982013,5.5337619
157,,10968806,Rue Jean Ramey,14,,,Liège,4000,WALLONIE,Liège,Liège,HOUSE,HOUSE,87000,residential_sale,1930.0,2,86,NOT_INSTALLED,False,False,True,23.0,,70.0,2.0,False,TO_RENOVATE,F,50.6407098,5.5457097
158,,11151580,Située à Lillois,.,,,Lillois-Witterzée,1428,WALLONIE,Nivelles,Walloon Brabant,HOUSE,VILLA,1995000,residential_sale,1992.0,6,565,HYPER_EQUIPPED,False,True,True,,True,6444.0,4.0,True,AS_NEW,D,50.6449558,4.3648141
159,,11137880,Henriette Chaumatstraat,15,,,Deinze,9800,FLANDERS,Gent,East Flanders,HOUSE,VILLA,439000,residential_sale,2024.0,3,132,USA_HYPER_EQUIPPED,False,False,True,,,270.0,3.0,False,AS_NEW,,50.9817916,3.5747884
160,,11151436,Située à Lillois,.,,,Braine-l'Alleud,1420,WALLONIE,Nivelles,Walloon Brabant,HOUSE,VILLA,1995000,residential_sale,1992.0,6,565,HYPER_EQUIPPED,False,True,True,,True,6444.0,4.0,True,AS_NEW,D,50.6455864,4.3617107
161,,11153841,Kouterhoek,1,,,Nazareth,9810,FLANDERS,Gent,East Flanders,HOUSE,HOUSE,439012,residential_sale,2023.0,4,169,INSTALLED,False,False,,,,517.0,3.0,False,AS_NEW,,50.9562774,3.6345935
162,,11137881,Henriette Chaumatstraat,17,,,Deinze,9800,FLANDERS,Gent,East Flanders,HOUSE,VILLA,439000,residential_sale,2024.0,3,132,USA_HYPER_EQUIPPED,False,False,True,,,270.0,3.0,False,AS_NEW,,50.9818516,3.5749225
163,,11153888,Kloosterstraat,67A,,,Zottegem,9620,FLANDERS,Aalst,East Flanders,HOUSE,HOUSE,445200,residential_sale,2024.0,3,196,USA_HYPER_EQUIPPED,False,False,True,22.0,True,220.0,3.0,False,AS_NEW,A,50.8511891,3.8196985
164,,11153884,Kloosterstraat,67A,,,Zottegem,9620,FLANDERS,Aalst,East Flanders,HOUSE,HOUSE,471800,residential_sale,2024.0,3,209,USA_HYPER_EQUIPPED,False,False,True,19.0,True,241.0,3.0,False,AS_NEW,A,50.8511891,3.8196985
165,,11153890,Kloosterstraat,67A,,,Zottegem,9620,FLANDERS,Aalst,East Flanders,HOUSE,HOUSE,440020,residential_sale,2024.0,3,187,USA_HYPER_EQUIPPED,False,False,True,19.0,True,250.0,3.0,False,AS_NEW,A,50.8511891,3.8196985
166,,11153345,Gijzenzelestraat,42 - 48,,,Wetteren,9230,FLANDERS,Dendermonde,East Flanders,HOUSE,HOUSE,376032,residential_sale,2023.0,3,126,INSTALLED,False,False,True,13.0,True,142.0,2.0,False,AS_NEW,,50.978693,3.8389673
167,,11153891,Kloosterstraat,67A,,,Zottegem,9620,FLANDERS,Aalst,East Flanders,HOUSE,HOUSE,425680,residential_sale,2024.0,3,177,USA_HYPER_EQUIPPED,False,False,True,21.0,True,226.0,3.0,False,AS_NEW,A,50.8511891,3.8196985
168,,11153219,Rue Ann-Sophie Charlier,37,/M42,,Herve,4650,WALLONIE,Verviers,Liège,HOUSE,HOUSE,325000,residential_sale,2023.0,3,147,,,False,True,20.0,,696.0,3.0,False,AS_NEW,A,50.6359711,5.7924066
169,,10707752,Rue de l'Aviation,5,,,Seraing,4100,WALLONIE,Liège,Liège,HOUSE,HOUSE,119000,residential_sale,1931.0,2,60,SEMI_EQUIPPED,False,False,True,,True,123.0,2.0,False,GOOD,D,50.5907459,5.5033569
170,,10459282,Rue de la Baume,191,,,Seraing,4100,WALLONIE,Liège,Liège,HOUSE,HOUSE,179000,residential_sale,1930.0,3,82,INSTALLED,False,False,True,13.0,True,128.0,2.0,False,JUST_RENOVATED,C,50.6015901,5.5108005
171,,10833916,Rue des Trois Pierres,35,,,Herstal,4040,WALLONIE,Liège,Liège,HOUSE,HOUSE,164000,residential_sale,1899.0,4,167,INSTALLED,False,False,True,80.0,,90.0,3.0,False,TO_BE_DONE_UP,E,50.6586095,5.6238621
172,,11109640,Rue du Val Benoît,58,,,Angleur,4031,WALLONIE,Liège,Liège,HOUSE,HOUSE,185000,residential_sale,1900.0,3,150,NOT_INSTALLED,False,True,True,8.0,,115.0,2.0,False,TO_RENOVATE,G,50.613431,5.5953632
173,,11035014,Ruelle des Chats,26,,,Liège,4000,WALLONIE,Liège,Liège,HOUSE,HOUSE,169000,residential_sale,1936.0,2,97,INSTALLED,False,False,True,5.0,True,167.0,2.0,False,TO_BE_DONE_UP,E,50.654257,5.5555017
174,,10677619,Rue Emile Verhaeren,10,,,Liege,4031,WALLONIE,Liège,Liège,HOUSE,HOUSE,179000,residential_sale,1918.0,3,137,INSTALLED,False,False,True,16.0,True,145.0,2.0,False,GOOD,E,50.6145454,5.5881509
175,,10997600,Rue de Noidans,43,,,Seraing Ougrée,4102,WALLONIE,Liège,Liège,HOUSE,HOUSE,160000,residential_sale,1910.0,4,110,INSTALLED,False,False,True,,True,185.0,3.0,False,GOOD,F,50.6044171,5.5360376
176,,10993405,Rue des Bas-Sarts,42,,,Seraing,4100,WALLONIE,Liège,Liège,HOUSE,HOUSE,180000,residential_sale,1918.0,3,100,INSTALLED,False,False,True,20.0,True,124.0,2.0,False,AS_NEW,C,50.5973254,5.4881705
177,,10906723,Rue Ernest Berthet,9,,,Céroux-Mousty,1341,WALLONIE,Nivelles,Walloon Brabant,HOUSE,HOUSE,180000,residential_sale,1940.0,3,126,NOT_INSTALLED,,False,,,True,160.0,2.0,,TO_RENOVATE,F,50.6602685,4.5654312
178,,10679324,Rue du Chene,268,,,Seraing,4100,WALLONIE,Liège,Liège,HOUSE,HOUSE,159000,residential_sale,1920.0,3,87,INSTALLED,False,False,True,64.0,True,145.0,2.0,False,JUST_RENOVATED,F,50.6007164,5.51515
179,,11030656,Rue Chantelière,3,,,Huy,4500,WALLONIE,Huy,Liège,HOUSE,HOUSE,189000,residential_sale,1850.0,2,110,INSTALLED,,True,True,22.0,True,710.0,3.0,,AS_NEW,E,50.5080546,5.2422113
180,,11118577,Rue de Gaillarmont,19,,,Liège,4032,WALLONIE,Liège,Liège,HOUSE,HOUSE,159000,residential_sale,1918.0,3,177,SEMI_EQUIPPED,False,False,True,29.0,True,325.0,2.0,False,TO_RENOVATE,D,50.6138731,5.6160939
181,,11016538,Rue Pastor,29,,,Seraing,4100,WALLONIE,Liège,Liège,HOUSE,HOUSE,150000,residential_sale,1875.0,6,190,SEMI_EQUIPPED,False,False,True,34.0,True,230.0,2.0,False,TO_RENOVATE,E,50.6122856,5.5071282
182,,11064142,Chemin du Bois du Curé,36,,,Namur,5100,WALLONIE,Namur,Namur,HOUSE,BUNGALOW,149000,residential_sale,1976.0,3,131,NOT_INSTALLED,False,False,True,60.0,True,1085.0,4.0,False,TO_RENOVATE,G,50.4181954,4.847814
183,,10909559,Rue Métrin Vinâve,16,,,Oupeye,4680,WALLONIE,Liège,Liège,HOUSE,HOUSE,149000,residential_sale,1850.0,4,130,INSTALLED,False,False,,,True,350.0,2.0,False,GOOD,D,50.7381006,5.610945
184,,11018580,Rue du Moulin,193,,,Oupeye,4680,WALLONIE,Liège,Liège,HOUSE,HOUSE,149000,residential_sale,1899.0,3,105,INSTALLED,False,False,True,47.0,True,492.0,3.0,False,TO_RENOVATE,F,50.7286714,5.6545019
185,,11010633,Rue de la Barge,128,,,Liege,4000,WALLONIE,Liège,Liège,HOUSE,HOUSE,145000,residential_sale,1962.0,3,105,INSTALLED,False,False,True,12.0,,110.0,3.0,False,GOOD,E,50.6106619,5.5384064
186,,11082868,Cité Jardin,28,,,Libramont-Chevigny,6800,WALLONIE,Neufchâteau,Luxembourg,HOUSE,HOUSE,140000,residential_sale,1931.0,3,66,USA_HYPER_EQUIPPED,False,False,True,5.0,True,525.0,2.0,False,TO_RENOVATE,G,49.913756,5.3775828
187,,11063895,Elzelestraat,130,,,Ronse,9600,FLANDERS,Oudenaarde,East Flanders,HOUSE,HOUSE,139000,residential_sale,1930.0,3,180,NOT_INSTALLED,False,False,,,True,130.0,2.0,False,TO_RENOVATE,F,50.7451299,3.6101343
188,,10911488,Avenue des Champs,80,,,Seraing,4100,WALLONIE,Liège,Liège,HOUSE,HOUSE,139000,residential_sale,1918.0,2,105,SEMI_EQUIPPED,False,False,True,,True,105.0,2.0,False,GOOD,F,50.5982597,5.5189004
189,,10689391,Rue Tart,12,,,Seraing,4100,WALLONIE,Liège,Liège,HOUSE,HOUSE,149000,residential_sale,1875.0,2,110,SEMI_EQUIPPED,False,False,True,13.0,True,185.0,2.0,False,GOOD,G,50.6039791,5.4956622
190,,10511092,Rue de Trazegnies,40,,,Liege,4000,WALLONIE,Liège,Liège,HOUSE,HOUSE,149000,residential_sale,1933.0,4,123,NOT_INSTALLED,False,False,True,,,150.0,3.0,False,TO_BE_DONE_UP,E,50.6134246,5.5520033
191,,10475954,Rue du Haut Pre,100,,,Seraing,4100,WALLONIE,Liège,Liège,HOUSE,HOUSE,135000,residential_sale,1919.0,2,87,SEMI_EQUIPPED,False,False,True,17.0,True,120.0,2.0,False,TO_BE_DONE_UP,E,50.6015984,5.5331517
192,,10958524,Avenue de la Société Nationale,26,,,Herstal,4040,WALLONIE,Liège,Liège,HOUSE,HOUSE,149000,residential_sale,1930.0,2,95,INSTALLED,False,False,True,7.0,True,285.0,3.0,False,TO_RENOVATE,G,50.6760055,5.6147869
193,,10886425,Rue Joseph Hodeige,27,,,Liege,4030,WALLONIE,Liège,Liège,HOUSE,HOUSE,129000,residential_sale,1899.0,3,122,SEMI_EQUIPPED,False,False,True,64.0,True,300.0,3.0,False,TO_RENOVATE,E,50.6193686,5.606861
194,,10860840,Zonnestraat,49,,,Ronse,9600,FLANDERS,Oudenaarde,East Flanders,HOUSE,HOUSE,125000,residential_sale,1899.0,2,145,INSTALLED,False,False,True,10.0,,88.0,2.0,False,TO_BE_DONE_UP,F,50.7497692,3.5928241
195,,10906236,Jan van Nassaustraat,7,,,Ronse,9600,FLANDERS,Oudenaarde,East Flanders,HOUSE,HOUSE,119000,residential_sale,1880.0,3,117,SEMI_EQUIPPED,False,False,,,,60.0,2.0,,GOOD,D,50.7493899,3.592165
196,,10459784,Rue de Rotheux,238,,,Seraing,4100,WALLONIE,Liège,Liège,HOUSE,HOUSE,125000,residential_sale,1935.0,2,61,INSTALLED,False,False,,,,50.0,2.0,False,GOOD,F,50.5812796,5.5033522
197,,11092112,Rue des Peupliers,6,,,Seraing,4101,WALLONIE,Liège,Liège,HOUSE,HOUSE,245000,residential_sale,1949.0,3,125,HYPER_EQUIPPED,False,False,True,40.0,True,210.0,2.0,False,JUST_RENOVATED,C,50.6219642,5.4861006
198,,11063896,Aatstraat,40,,,Ronse,9600,FLANDERS,Oudenaarde,East Flanders,HOUSE,HOUSE,245000,residential_sale,1948.0,4,146,INSTALLED,False,False,True,13.0,True,250.0,2.0,False,GOOD,C,50.741809,3.6076012
199,,10858078,Rue des Bons Buveurs,66,,,Saint-Nicolas,4420,WALLONIE,Liège,Liège,HOUSE,HOUSE,239000,residential_sale,1899.0,3,130,INSTALLED,False,False,True,25.0,True,200.0,2.0,False,GOOD,C,50.6388133,5.5338135
200,,11038616,Kammenstraat,100,,,Essen,2910,FLANDERS,Antwerp,Antwerp,HOUSE,HOUSE,240900,residential_sale,1945.0,3,114,INSTALLED,False,False,True,,True,330.0,2.0,False,TO_RENOVATE,F,51.4680581,4.4553341
201,,10961466,Rue des Bas-Sarts,135,,,Seraing,4100,WALLONIE,Liège,Liège,HOUSE,HOUSE,249000,residential_sale,1959.0,4,153,INSTALLED,False,False,True,58.0,True,281.0,2.0,False,TO_BE_DONE_UP,C,50.5961081,5.4910742
202,,11084726,Rue des Béguines,38,,,Remicourt,4350,WALLONIE,Waremme,Liège,HOUSE,HOUSE,240000,residential_sale,1860.0,3,150,INSTALLED,False,False,True,,True,480.0,3.0,False,GOOD,C,50.6864531,5.3691805
203,,11094364,Rue Quinettes,44,,,Oupeye,4682,WALLONIE,Liège,Liège,HOUSE,HOUSE,239000,residential_sale,1938.0,3,166,INSTALLED,False,False,True,35.0,True,436.0,4.0,False,AS_NEW,C,50.7258705,5.6334234
204,,11094771,Rue des Bons Buveurs,33,,,MONTEGNÉE,4420,WALLONIE,Liège,Liège,HOUSE,HOUSE,239000,residential_sale,1950.0,6,220,SEMI_EQUIPPED,,True,,,True,250.0,2.0,False,TO_RENOVATE,D,50.6391583,5.5352287
205,,10909558,Rue Bas-Rhieux,37,,,Liege,4000,WALLONIE,Liège,Liège,HOUSE,HOUSE,234000,residential_sale,1918.0,3,129,INSTALLED,False,False,True,19.0,True,109.0,2.0,False,GOOD,D,50.6484314,5.5572093
206,,11077458,Rue Batti-du-Foi,82,,,Libin,6890,WALLONIE,Neufchâteau,Luxembourg,HOUSE,HOUSE,229000,residential_sale,1918.0,3,180,INSTALLED,False,False,True,,True,60.0,3.0,False,GOOD,E,49.9490886,5.2207404
207,,10629774,Rue de Rotheux,242,,,Seraing,4100,WALLONIE,Liège,Liège,HOUSE,HOUSE,249000,residential_sale,1930.0,3,122,INSTALLED,False,False,True,34.0,True,267.0,3.0,False,GOOD,D,50.5812154,5.5033203
208,,11063964,Rue du Try,19,,,Court-Saint-Etienne,1490,WALLONIE,Nivelles,Walloon Brabant,HOUSE,HOUSE,225000,residential_sale,1849.0,3,154,NOT_INSTALLED,False,False,,,True,562.0,4.0,False,TO_RENOVATE,G,50.6098214,4.5426936
209,,10858284,Rue de la marquise,20,,,Halanzy,6792,WALLONIE,Arlon,Luxembourg,HOUSE,HOUSE,220000,residential_sale,1915.0,4,159,SEMI_EQUIPPED,False,False,True,42.0,True,360.0,3.0,False,TO_RENOVATE,G,49.5826321,5.7562931
210,,10405602,Rue des Trois Limites,110,,,Seraing,4102,WALLONIE,Liège,Liège,HOUSE,HOUSE,220000,residential_sale,1959.0,4,161,HYPER_EQUIPPED,False,False,True,26.0,True,303.0,3.0,True,JUST_RENOVATED,C,50.5948975,5.534272
211,,10870923,Rue Taque,64,,,Seraing,4101,WALLONIE,Liège,Liège,HOUSE,HOUSE,219900,residential_sale,1956.0,3,140,INSTALLED,True,False,True,11.0,,220.0,3.0,False,TO_BE_DONE_UP,D,50.6187426,5.5062909
212,,11024248,Heiveldstraat,111,,,Beveren,9120,FLANDERS,Sint-Niklaas,East Flanders,HOUSE,HOUSE,219000,residential_sale,1957.0,3,155,SEMI_EQUIPPED,False,False,True,15.0,True,228.0,2.0,False,TO_RENOVATE,F,51.2244367,4.2474823
213,,11058166,Rue Antiémont,40,,,Marche-en-Famenne,6900,WALLONIE,Marche-en-Famenne,Luxembourg,HOUSE,HOUSE,219000,residential_sale,1968.0,2,104,HYPER_EQUIPPED,False,False,True,80.0,True,559.0,3.0,False,AS_NEW,B,50.1748487,5.293849
214,,11109457,Rue des Cytises,46,,,Flémalle,4400,WALLONIE,Liège,Liège,HOUSE,HOUSE,219000,residential_sale,1969.0,2,102,INSTALLED,False,False,,,True,509.0,4.0,False,TO_RENOVATE,G,50.6170848,5.4454395
215,,10542512,Rue de la Jeunesse,82,,,Seraing,4100,WALLONIE,Liège,Liège,HOUSE,HOUSE,219000,residential_sale,1950.0,2,100,USA_INSTALLED,False,False,True,53.0,True,373.0,3.0,False,GOOD,F,50.5878601,5.5028717
216,,10841095,Vaartstraat,114,,,Niel,2845,FLANDERS,Antwerp,Antwerp,HOUSE,HOUSE,214000,residential_sale,1932.0,2,147,INSTALLED,,True,True,20.0,True,555.0,2.0,,TO_RENOVATE,F,51.110173,4.3216956
217,,11035880,Place Capitaine Mostenne,45,,,On,6900,WALLONIE,Marche-en-Famenne,Luxembourg,HOUSE,HOUSE,210000,residential_sale,1850.0,3,172,SEMI_EQUIPPED,False,False,True,,True,1397.0,3.0,False,TO_BE_DONE_UP,G,50.1714031,5.2855385
218,,10396436,rue des paireuses,3B,,,Amay,4540,WALLONIE,Huy,Liège,HOUSE,BUNGALOW,199000,residential_sale,1965.0,3,102,SEMI_EQUIPPED,False,False,,,True,818.0,4.0,False,GOOD,E,50.5558161,5.3157536
219,,11099738,Rue Joseph Wauters,88,,,Oupeye,4683,WALLONIE,Liège,Liège,HOUSE,HOUSE,199000,residential_sale,1968.0,2,138,INSTALLED,False,False,True,21.0,True,172.0,3.0,False,GOOD,G,50.6973156,5.6524062
220,,10714842,Rue de la Baume,193,,,Seraing,4100,WALLONIE,Liège,Liège,HOUSE,HOUSE,199000,residential_sale,1862.0,4,125,INSTALLED,False,False,True,108.0,True,229.0,2.0,False,GOOD,F,50.6015482,5.5107987
221,,11009311,Rue des Chaineux,6,,,Liège,4032,WALLONIE,Liège,Liège,HOUSE,HOUSE,199000,residential_sale,1966.0,2,134,INSTALLED,False,False,True,16.0,True,143.0,2.0,False,TO_BE_DONE_UP,D,50.6144198,5.620434
222,,10915689,Rue de l'Abbaye,43,,,ANTHEIT,4520,WALLONIE,Huy,Liège,HOUSE,HOUSE,189000,residential_sale,1962.0,3,153,SEMI_EQUIPPED,,True,True,35.0,True,2720.0,4.0,,GOOD,F,50.5486947,5.2302525
223,,11104715,Avenue du Petit-Bourgogne,30,,,Liège,4000,WALLONIE,Liège,Liège,HOUSE,HOUSE,199000,residential_sale,1936.0,2,109,INSTALLED,,True,True,9.0,True,69.0,2.0,False,GOOD,E,50.6124195,5.5588112
224,,10925280,Place de la Loriette,8,,,Wavre,1300,WALLONIE,Nivelles,Walloon Brabant,HOUSE,HOUSE,195000,residential_sale,1850.0,1,70,INSTALLED,,True,,,,40.0,3.0,,JUST_RENOVATED,D,50.7177852,4.6032614
